t,posx,posy,posz,velx,vely,velz,accx,accy,accz,jerkx,jerky,jerkz,snapx,snapy,snapz, yaw
0.0,0.0,0.0,0.0,0.0,0.0,0.0,0.0,0.0,0.0,0.0,0.0,0.0,153.7857407407408,-251.130925925926,0.0,0.0
0.01,6.371410299246973e-08,-1.0374008614326135e-07,0.0,2.5448501679348147e-05,-4.1405018946544936e-05,0.0,0.007615819910643865,-0.012375753170910497,0.0,1.5155756311192565,-2.456703479745371,0.0,149.23327173782585,-240.06362080761323,0.0,0.0
0.02,1.0133556892089626e-06,-1.6450849714677644e-06,0.0,0.0002020514815523549,-0.0003275221492043897,0.0,0.03015029670850481,-0.048750807847736645,0.0,2.9827973201303166,-4.798448186213993,0.0,144.12036834705083,-228.149046707819,0.0,0.0
0.03,5.098112588281251e-06,-8.251612957812502e-06,0.0,0.0006764857596614585,-0.0010924577245312501,0.0,0.06709241085590281,-0.10793420039236114,0.0,4.396223203993057,-7.0170576927083355,0.0,138.47952673611118,-215.44645625000004,0.0,0.0
0.04,1.6007496416278016e-05,-2.5831079453497954e-05,0.0,0.0015900512835482403,-0.0025580094964060365,0.0,0.11787834899314134,-0.18865616553086426,0.0,5.75073638134431,-9.104948098765435,0.0,132.3432430727024,-202.0151020576132,0.0,0.0
0.05,3.8814988319874926e-05,-6.24444898231203e-05,0.0,0.0030781594381171073,-0.004932908243982555,0.0,0.18189475355527704,-0.28957406161586946,0.0,7.0415449124978595,-11.055128030156897,0.0,125.74401352451994,-187.91423675411528,0.0,0.0
0.06,7.991673030000001e-05,-0.00012817188460000002,0.0,0.0052698538516666674,-0.008412118636666669,0.0,0.258481972388889,-0.409278295888889,0.0,8.264181819444449,-12.861198638888892,0.0,118.71433425925932,-173.20311296296302,0.0,0.0
0.07,0.00014696558707663154,-0.00023497142958751944,0.0,0.008287363698088818,-0.013176199349316922,0.0,0.34693730836884884,-0.5462982497426699,0.0,9.41450508585177,-14.517353603202166,0.0,111.28670144461596,-157.94098330761318,0.0,0.0
0.08,0.00024880090345642445,-0.00039653240337558316,0.0,0.012245689495235489,-0.01939072243006859,0.0,0.4465182690150894,-0.6991082039835393,0.0,10.488697657064476,-16.01837912757202,0.0,103.49361124828536,-142.18710041152266,0.0,0.0
0.09,0.00039537428216484383,-0.0006281226747984376,0.0,0.01725222139945313,-0.02720575192078125,0.0,0.5564458161093753,-0.8661332640937501,0.0,11.483267440104171,-17.359653942708338,0.0,95.36755983796301,-126.00071689814817,0.0,0.0
0.1,0.0005976717071044813,-0.0009464312628600827,0.0,0.023406389996284874,-0.03675538173010975,0.0,0.6759076153120717,-1.0457552854938275,0.0,12.395047303669415,-18.537149305555563,0.0,86.94104338134434,-109.44108539094651,0.0,0.0
0.11,0.0008676323370012303,-0.0013694065716535091,0.0,0.03079934958734037,-0.04815733275919862,0.0,0.8040612857789141,-1.2363187988049127,0.0,13.221195078135722,-19.547428999292702,0.0,78.24655804612486,-92.5674585133745,0.0,0.0
0.12,0.0012180642944000005,-0.0019160908928000002,0.0,0.03951369397333335,-0.06151260928000002,0.0,0.9400376497777783,-1.4361369351111113,0.0,13.959193555555562,-20.38764933333334,0.0,69.31660000000004,-75.4390888888889,0.0,0.0
0.13,0.001662557774971645,-0.0026064517679347298,0.0,0.04962320473328688,-0.07690521456621509,0.0,1.082943982305449,-1.643497351221837,0.0,14.606850489658356,-21.055559143325624,0.0,60.18366541066533,-58.11522914094647,0.0,0.0
0.14,0.002215395802092777,-0.003461210803764886,0.0,0.0611926319999063,-0.09440192577685877,0.0,1.2318672607043901,-1.8566681549341573,0.0,15.162298595850487,-21.54949979115227,0.0,50.88025044581619,-40.655131893004096,0.0,0.0
0.15,0.0028914629516601574,-0.004501670532226563,0.0,0.07427750773111981,-0.11405212809244794,0.0,1.3858774142795145,-2.0739038302951394,0.0,15.623995551215286,-21.868405164930557,0.0,41.43885127314816,-23.118049768518517,0.0,0.0
0.16,0.003706152372101328,-0.005749539908266667,0.0,0.08892399147778696,-0.13588770810381348,0.0,1.544030573914953,-2.293451162864198,0.0,15.990723994513036,-22.01180167901235,0.0,31.891964060356656,-5.56323539094646,0.0,0.0
0.17,0.004675271424543159,-0.007226759037776032,0.0,0.10516874864757447,-0.15992300645353508,0.0,1.705372321690823,-2.5135551649754384,0.0,16.261591526180993,-21.97980827398406,0.0,22.272084975137176,11.950058616255177,0.0,0.0
0.18,0.005814946268100001,-0.008955323728200001,0.0,0.12303886126500005,-0.18615482973,0.0,1.8689409405000006,-2.7324650010000004,0.0,16.43603070833334,-21.77313641666667,0.0,12.611710185185188,29.362579629629664,0.0,0.0
0.19,0.007141525715243124,-0.010957110454352773,0.0,0.14255177122764395,-0.21456252161408548,0.0,2.033770663664889,-2.948439912608411,0.0,16.51379906476124,-21.393090100115746,0.0,2.94333585819615,46.615075025720245,0.0,0.0
0.2,0.008671484682213083,-0.013253702331961598,0.0,0.16371525605852777,-0.24510809327846372,0.0,2.198894924554185,-3.1597551440329226,0.0,16.494979080932794,-20.841565843621403,0.0,-6.7005418381344555,63.64829218107005,0.0,0.0
0.21,0.010421327559436722,-0.015866216691467188,0.0,0.18652743715466152,-0.2777364130395313,0.0,2.3633496061996535,-3.364707867329861,0.0,16.379978203993062,-20.121052692708336,0.0,-16.287426736111087,80.40297847222232,0.0,0.0
0.22,0.012407491826910522,-0.018815134844606594,0.0,0.21097682053175817,-0.31237545526196164,0.0,2.526176290912895,-3.5616231076419758,0.0,16.16952884276407,-19.234632219135808,0.0,-25.78482266803843,96.81988127572023,0.0,0.0
0.23,0.014646252239511869,-0.022120134636304575,0.0,0.23704237006511567,-0.3489366085158809,0.0,2.6864255099021146,-3.748859668460778,0.0,15.864688367744776,-18.185978520897635,0.0,-35.16023346622086,112.83974796810716,0.0,0.0
0.24,0.0171536259072,-0.025799926374400005,0.0,0.2646936132266668,-0.38731504298666664,0.0,2.84315999288889,-3.9248160568888895,0.0,15.466839111111119,-16.979358222222224,0.0,-44.381162962962975,128.403325925926,0.0,0.0
0.25,0.01994527859506839,-0.029872092729733322,0.0,0.29389077931819696,-0.42739013713737256,0.0,2.995457917724946,-4.087936408902393,0.0,14.97768836671597,-15.619630473572535,0.0,-53.41511499056929,143.45136252572027,0.0,0.0
0.26,0.023036432568209936,-0.03435293319912127,0.0,0.32458497020072946,-0.4690259636237724,0.0,3.142416160008918,-4.236716414613169,0.0,14.39926839008917,-14.112246951646082,0.0,-62.22959338134433,157.92460514403305,0.0,0.0
0.27,0.02644177630635705,-0.03925731372374534,0.0,0.35671836352007835,-0.5120718344620314,0.0,3.283153542703126,-4.369709243531251,0.0,13.733936398437507,-12.463251859374996,0.0,-70.79210196759266,171.76380115740753,0.0,0.0
0.28,0.030175376413258,-0.04459852205547986,0.0,0.39022444842856907,-0.5563629054489989,0.0,3.416814085750345,-4.485531469827162,0.0,12.984374570644722,-10.679281925925922,0.0,-79.0701445816187,184.909697942387,0.0,0.0
0.29,0.034250592045751316,-0.05038812946368634,0.0,0.4250282938029269,-0.6017208398351246,0.0,3.5425702556905665,-4.582868997594265,0.0,12.153590047271528,-8.76756640670011,0.0,-87.03122505572702,197.30304287551454,0.0,0.0
0.3,0.038679992187500005,-0.056635859375,0.0,0.4610468489583334,-0.6479545312500001,0.0,3.659626215277779,-4.660482986111112,0.0,11.244914930555561,-6.735927083333328,0.0,-94.64284722222226,208.8845833333335,0.0,0.0
0.31,0.043475276092346984,-0.0633494635386347,0.0,0.49818927685864983,-0.6948608858805208,0.0,3.76722107309673,-4.7172157751037815,0.0,10.262006284411449,-4.592778263695979,0.0,-101.87251491340882,219.59506669238706,0.0,0.0
0.32,0.048647197222253705,-0.07053460630973281,0.0,0.5363573198228077,-0.7422256639016738,0.0,3.8646321331797004,-4.75199681000823,0.0,9.208846134430727,-2.347126781892985,0.0,-108.68773196159125,229.37524032921837,0.0,0.0
0.33,0.054205491004783626,-0.07819475764328598,0.0,0.5754456977273701,-0.7898243801599482,0.0,3.951178144623266,-4.76384856723264,0.0,8.089741467881945,-0.00857199826388154,0.0,-115.05600219907413,238.16585162037055,0.0,0.0
0.34,0.0601588067350919,-0.08633109539115312,0.0,0.6153425387052563,-0.8374232641093693,0.0,4.026222551205077,-4.7518924794197535,0.0,6.9093242337105565,2.4126942006173007,0.0,-120.94482945816193,245.90764794238706,0.0,0.0
0.35000000000000003,0.06651464394738334,-0.09494241749470198,0.0,0.6559298423406381,-0.8847802790001558,0.0,4.089176741000623,-4.715354860709234,0.0,5.672551342538999,4.90588740194189,0.0,-126.32171757115921,252.54137667181092,0.0,0.0
0.36,0.07327929358080001,-0.10402506466560002,0.0,0.6970839753600002,-0.9316462003200002,0.0,4.139503296000003,-4.653572832,0.0,4.38470466666666,7.459630666666673,0.0,-131.15417037037045,258.0077851851854,0.0,0.0
0.37,0.08045778426470064,-0.11357285414728192,0.0,0.7386761998193725,-0.9777657534879747,0.0,4.176719241724688,-4.566000246212576,0.0,3.051391040069869,10.06195452951391,0.0,-135.4096916881002,262.24762085905377,0.0,0.0
0.38,0.08805383404829255,-0.12357702514961841,0.0,0.7805732337877256,-1.0228788108010565,0.0,4.200399296844309,-4.45221361355144,0.0,1.6785422584019125,12.700296998971217,0.0,-139.05578535665305,265.20163106995903,0.0,0.0
0.39,0.09606980789957896,-0.1340261965493141,0.0,0.8226378445265369,-1.0667216476332815,0.0,4.210179122793405,-4.311918026767359,0.0,0.27241507899305106,15.361503557291693,0.0,-142.05995520833343,266.8105631944446,0.0,0.0
0.4,0.10450668129858261,-0.1449063374485597,0.0,0.8647294741655239,-1.1090282578875177,0.0,4.205758573388205,-4.144953086419753,0.0,-1.1604087791495317,18.031827160493858,0.0,-144.3897050754459,267.01516460905384,0.0,0.0
0.41000000000000003,0.11336401024980737,-0.15620075118446522,0.0,0.906704897874545,-1.1495317286998625,0.0,4.186904944443397,-3.951298826139013,0.0,-2.6130226353416646,20.696928238361682,0.0,-146.01253879029505,265.7561826903295,0.0,0.0
0.42,0.12263990803890006,-0.1678900733818,0.0,0.9484189145316668,-1.1879656743966671,0.0,4.153456223388892,-3.7310816378888885,0.0,-4.078194847222232,23.34187469444447,0.0,-146.89596018518526,262.9743648148151,0.0,0.0
0.43,0.13233102905847338,-0.17995228464156662,0.0,0.9897250698874025,-1.224065729704178,0.0,4.105324338886597,-3.4845801972287767,0.0,-5.548368810753176,25.951141906057114,0.0,-147.00747309242124,258.61045835905395,0.0,0.0
0.44,0.14243256002805238,-0.19236273845793367,0.0,1.0304764122251124,-1.2575711022108096,0.0,4.042498410447189,-3.21223138857613,0.0,-7.015662960219482,28.508612724279853,0.0,-146.31458134430736,252.60521069958887,0.0,0.0
0.45,0.15293821893310555,-0.20509420495605474,0.0,1.0705262805175784,-1.2882261840820315,0.0,3.9650479980468765,-2.9146362304687483,0.0,-8.471870768229186,30.99757747395837,0.0,-144.78478877314828,244.8993692129632,0.0,0.0
0.46,0.16384026200812268,-0.21811693104329968,0.0,1.1097291250797423,-1.3157822230278877,0.0,3.8731263517441716,-2.5925658008271575,0.0,-9.908460745713315,33.400733953703764,0.0,-142.38559921124843,235.4336812757206,0.0,0.0
0.47000000000000003,0.17512949908870082,-0.23139871756642344,0.0,1.147941360717611,-1.339999052523134,0.0,3.766973661296661,-2.2469671622169463,0.0,-11.316576441926017,35.70018743589254,0.0,-139.08451649091225,224.1488942644036,0.0,0.0
0.48,0.18679531765760005,-0.2449050140672,0.0,1.1850222523733336,-1.3606468812799997,0.0,3.6469203057777797,-1.878969287111107,0.0,-12.68703644444446,37.8774506666667,0.0,-134.8490444444445,210.98575555555593,0.0,0.0
0.49,0.1988257159097314,-0.2585990317290472,0.0,1.2208348332664432,-1.3775081419735762,0.0,3.5133901031935655,-1.4898889831523865,0.0,-14.010334379168837,39.913443865933715,0.0,-129.64668690414968,195.88501252572067,0.0,0.0
0.5,0.2112073451610369,-0.2724418751071674,0.0,1.2552468555312646,-1.390379399219822,0.0,3.366903560099452,-1.0812368184156327,0.0,-15.276638910322376,41.78849472736631,0.0,-123.44494770233209,178.78741255144078,0.0,0.0
0.51,0.22392556192622592,-0.28639269323473293,0.0,1.2881317733504951,-1.399073316806198,0.0,3.2080811212170164,-0.6547230466701305,0.0,-16.475793740451397,43.48233841840285,0.0,-116.21133067129634,159.63370300925962,0.0,0.0
0.52,0.236964489990327,-0.3004088506976396,0.0,1.319369758584948,-1.4034206841749244,0.0,3.037646419050754,-0.21226353264196646,0.0,-17.59731761042528,44.97411758024699,0.0,-107.9133396433472,138.36463127572065,0.0,0.0
0.53,0.25030709279901875,-0.31444611927035704,0.0,1.3488487488994658,-1.403272502158859,0.0,2.8564295235048665,0.24401432272364434,0.0,-18.63040429943632,46.242382327867865,0.0,-98.51847845078885,114.92094472736662,0.0,0.0
0.54,0.26393525649270017,-0.3284588907054001,0.0,1.3764655283850005,-1.3985021279699994,0.0,2.6653701914999983,0.7117656570000096,0.0,-19.563922625000004,47.26509025000011,0.0,-87.99425092592597,89.24339074074126,0.0,0.0
0.55,0.2778298839092631,-0.3424004112689486,0.0,1.402126840676865,-1.3890074794406135,0.0,2.465521116590043,1.1884222210166022,0.0,-20.386416442954843,48.01960640914359,0.0,-76.30816090106322,61.27271669238726,0.0,0.0
0.56,0.29197099988052766,-0.356223038615142,0.0,1.425750534569145,-1.3747132985169825,0.0,2.2580511785788713,1.671186453596726,0.0,-21.086104647462303,48.48270334156389,0.0,-63.42771220850486,30.949669958848034,0.0,0.0
0.5700000000000001,0.30633786814730257,-0.3698785215915735,0.0,1.4472667421252874,-1.3555734740057803,0.0,2.0442486931371517,2.157025556295148,0.0,-21.65088117100697,48.63056105729178,0.0,-49.32040868055557,-1.7850020833328415,0.0,0.0
0.58,0.3209091202180325,-0.3833183035685127,0.0,1.466619089284845,-1.331573423573073,0.0,1.825524661419066,2.6426655681358064,0.0,-22.06831498439647,48.438767040123544,0.0,-33.95375414952011,-36.99055205761252,0.0,0.0
0.59,0.33566289649599385,-0.39649384988438,0.0,1.4837659389664042,-1.3027325349959258,0.0,1.6034160196791183,3.1245854403494246,0.0,-22.32565009676142,47.882316247620984,0.0,-17.295252447702467,-74.72623258744773,0.0,0.0
0.6,0.35057700000000014,-0.40935699999999997,0.0,1.4986816666666667,-1.2691066666666673,0.0,1.3795888888888874,3.599011111111119,0.0,-22.409805555555597,46.93561111111123,0.0,0.6875925925923525,-115.05129629629559,0.0,0.0
0.61,0.3656290630035791,-0.4218603449541623,0.0,1.5113579685557046,-1.2307907073497333,0.0,1.1558418243538007,4.061909580278173,0.0,-22.307375446555678,45.57246153568685,0.0,20.027277139060175,-158.02499580761258,0.0,0.0
0.62,0.3807967269175838,-0.4339576307130125,0.0,1.521805202068384,-1.1879211951911788,0.0,0.934109065329898,4.508982984127597,0.0,-22.004628893861476,43.766084900205875,0.0,40.75629735939633,-203.7065837448552,0.0,0.0
0.63,0.396058,-0.445604,0.0,1.530055,-1.1406716666666668,0.0,0.7164722222222223,4.935738888888889,0.0,-21.487388888888894,41.489722222222234,0.0,62.908148148148165,-252.15148148148157,0.0,0.0
0.64,0.41139081863490407,-0.45675712000735785,0.0,1.5361558591833682,-1.0892819044272408,0.0,0.5047523909584404,5.337993740678435,0.0,-20.855730230013293,38.95787353173226,0.0,63.41633829303843,-254.175956391461,0.0,0.0
0.65,0.4267741653545698,-0.46737665244665527,0.0,1.5401711858289826,-1.0339965127981412,0.0,0.2993738087153631,5.714833183705762,0.0,-20.219216046467768,36.407077845164615,0.0,63.878351406035684,-255.93800606995893,0.0,0.0
0.66,0.44218750268563367,-0.4774249148414852,0.0,1.5421646272816927,-0.9750705487605988,0.0,0.10038263172048545,6.066081156734377,0.0,-19.57833515885417,33.84004565364584,0.0,64.28877743055557,-257.4203827546297,0.0,0.0
0.67,0.4576109318522675,-0.48686678362937946,0.0,1.5422002671059167,-0.9127606915090258,0.0,-0.09218014250754536,6.391589565827163,0.0,-18.933630488340196,31.259659925925924,0.0,64.64220631001373,-258.6058386831277,0.0,0.0
0.68,0.47302519687142225,-0.49566970895682966,0.0,1.540342570793525,-0.8473249541541412,0.0,-0.2782792161645886,6.691240009122623,0.0,-18.285699056659382,28.668976108378338,0.0,64.9332279878258,-259.4771260931071,0.0,0.0
0.6900000000000001,0.4884116880781001,-0.5038037265051001,0.0,1.5366563260616666,-0.779022378178333,0.0,-0.4578855321666676,6.964945501611114,0.0,-17.635191986111113,26.07122212499999,0.0,65.15643240740742,-260.0169972222223,0.0,0.0
0.7000000000000001,0.5037524450265543,-0.5112414661743552,0.0,1.5312065777405388,-0.7081127106432589,0.0,-0.6309768151556295,7.212652199911075,0.0,-16.982814499560615,23.469798377411255,0.0,65.30640951217423,-260.2082043081277,0.0,0.0
0.71,0.5190301587133161,-0.5179581574536252,0.0,1.5240585572511018,-0.6348560641496848,0.0,-0.7975381125048008,7.434341127045268,0.0,-16.329325920438965,20.86827774485598,0.0,65.37774924554185,-260.03349958847747,0.0,0.0
0.72,0.5342281730679508,-0.5239316313041305,0.0,1.5152776066727343,-0.5595125595495575,0.0,-0.9575623353246526,7.630029897217014,0.0,-15.67553967274306,18.270405584201402,0.0,65.36504155092594,-259.475635300926,0.0,0.0
0.73,0.5493304856574359,-0.5291423183834877,0.0,1.5049290974008345,-0.48234195141032254,0.0,-1.1110507994684502,7.79977444058642,0.0,-15.022323281035671,15.680099729938277,0.0,65.26287637174212,-258.51736368312766,0.0,0.0
0.74,0.5643217475500695,-0.5335732434383211,0.0,1.4930783433943635,-0.4036032362314719,0.0,-1.2580137665379163,7.943670728046619,0.0,-14.370598370445391,13.101450494180817,0.0,65.06584365140606,-257.1414369727367,0.0,0.0
0.75,0.5791872622848,-0.5372100156928,0.0,1.4797905090133332,-0.3235542434133333,0.0,-1.3984709848888892,8.061856496,0.0,-13.72134066666667,10.538720666666674,0.0,64.76853333333335,-255.33060740740748,0.0,0.0
0.76,0.5939129838918837,-0.5400408150606254,0.0,1.4651305114462359,-0.24245120897809724,0.0,-1.532452230636982,8.154512971134453,0.0,-13.075579995959794,7.996345514756946,0.0,64.36553536093966,-253.06762722479434,0.0,0.0
0.77,0.6084855139107638,-0.5420563740079878,0.0,1.4491629177274188,-0.1605483320430795,0.0,-1.659997848663238,8.22186659519959,0.0,-12.434400285150893,5.478932783436214,0.0,63.85143967764062,-250.33524866255152,0.0,0.0
0.78,0.6228920973510743,-0.5432499548950196,0.0,1.4319518363444008,-0.07809731404622378,0.0,-1.7811592936197922,8.264190749782987,0.0,-11.798939561631945,2.991262695312493,0.0,63.220836226851866,-247.11622395833342,0.0,0.0
0.79,0.6371206175426664,-0.5436173226232626,0.0,1.4135608034351348,0.004653119276159412,0.0,-1.8959996709355287,8.281807481086421,0.0,-11.17038995336077,0.5382879506172742,0.0,62.468314951989036,-243.3933053497943,0.0,0.0
0.8,0.6511595898205571,-0.5431567124166752,0.0,1.3940526635752095,0.08745771315941608,0.0,-2.004594277821739,8.275089224702096,0.0,-10.549997688861025,-1.874866272794506,0.0,61.58846579646777,-239.14924507458855,0.0,0.0
0.81,0.6649981539907001,-0.5418687925637,0.0,1.3734894451549997,0.170075196328334,0.0,-2.1070311442777787,8.24446053038889,0.0,-9.93906309722222,-4.242902319444461,0.0,60.575878703703715,-234.36679537037043,0.0,0.0
0.8200000000000001,0.6786260655224767,-0.5397566219479143,0.0,1.3519322303467554,0.2522688107626905,0.0,-2.20341157409673,8.190399786848573,0.0,-9.338940608099707,-6.560350056230732,0.0,59.42514361711249,-229.0287084747943,0.0,0.0
0.8300000000000001,0.6920336854138089,-0.5368256021947874,0.0,1.3294410196616366,0.3338068587105629,0.0,-2.2938506858710572,8.11344094650206,0.0,-8.751038751714676,-8.821566872428,0.0,58.13085048010974,-223.11773662551445,0.0,0.0
0.84,0.7052119686747913,-0.5330834242620649,0.0,1.3060745910966927,0.41446326694940083,0.0,-2.3784779539982637,8.014175250265627,0.0,-8.17682015885417,-11.0207376796875,0.0,56.68758923611113,-216.61663206018528,0.0,0.0
0.85,0.7181524513757436,-0.5285400093013042,0.0,1.281890353871781,0.4940181682948628,0.0,-2.4574377496865574,7.8932529523271615,0.0,-7.617801560871058,-13.151874912037037,0.0,55.089949828532255,-209.508147016461,0.0,0.0
0.86,0.73084723620558,-0.5232074436180824,0.0,1.2569441967564339,0.5722585003574094,0.0,-2.5308898819604986,7.75138504492239,0.0,-7.075553789684072,-15.208818525880922,0.0,53.33252220078877,-201.77503373199596,0.0,0.0
0.87,0.7432889764863999,-0.5170999075584,0.0,1.2312903309866665,0.6489786215466666,0.0,-2.599010138666667,7.589344983111112,0.0,-6.5517017777777795,-17.185236000000003,0.0,51.40989629629631,-193.40004444444452,0.0,0.0
0.88,0.7554708585901946,-0.5102335981488012,0.0,1.204981127771727,0.7239809443235463,0.0,-2.6619908274793174,7.407970409553434,0.0,-6.04792455820259,-19.07462233555171,0.0,49.31666205847052,-184.36593139146098,0.0,0.0
0.89,0.7673865827035701,-0.502626645317735,0.0,1.178066950390793,0.7970765857001307,0.0,-2.7200413169060362,7.208164879286009,0.0,-5.565955264574761,-20.870300056069972,0.0,47.04740943072703,-174.65544681069966,0.0,0.0
0.9,0.7790303418863899,-0.4942990215256789,0.0,1.1505959808796091,0.8680860349873181,0.0,-2.7733885772934035,6.990899584498263,0.0,-5.10758113107639,-22.56541920746529,0.0,44.596728356481485,-164.25134293981486,0.0,0.0
0.91,0.7903967993702307,-0.4852724446315457,0.0,1.1226140413070687,0.9368398387902335,0.0,-2.8222777218326485,6.757215079308643,0.0,-4.6746434924554165,-24.152957358024715,0.0,41.95920877914952,-153.13637201646094,0.0,0.0
0.92,0.8014810640425553,-0.47557027382289946,0.0,1.0941644096417398,1.0031793032513991,0.0,-2.8669725475653087,6.508223004540829,0.0,-4.269037784025635,-25.6257195984118,0.0,39.129440642146776,-141.29328627829221,0.0,0.0
0.93,0.8122786640625,-0.46521739843749993,0.0,1.065287630208333,1.0669572135416672,0.0,-2.90775607638889,6.245107812499999,0.0,-3.892713541666666,-26.976338541666685,0.0,36.10201388888888,-128.70483796296298,0.0,0.0
0.9400000000000001,0.8227855185541767,-0.4542401195036984,0.0,1.0360213187341138,1.1280385705989169,0.0,-2.944931096062523,5.969128491749035,0.0,-3.5476744018239863,-28.197274323206038,0.0,32.871518462791485,-115.35377930812757,0.0,0.0
0.9500000000000001,0.8329979073233881,-0.44266602382720865,0.0,1.006399961985258,1.1863013451145135,0.0,-2.978820701212621,5.681620291884773,0.0,-3.235978101508916,-29.28081460082307,0.0,29.43254430727022,-101.22286255144027,0.0,0.0
0.96,0.842912438543657,-0.43052385045177427,0.0,0.976454711993151,1.2416372487675258,0.0,-3.0097688343385425,5.383996448314237,0.0,-2.9597364782986126,-30.219074554687516,0.0,25.779681365740764,-86.29483993055567,0.0,0.0
0.97,0.8525260143574683,-0.41784334932125394,0.0,0.9462131748706286,1.2939525227067146,0.0,-3.038140826818245,5.0777499070308645,0.0,-2.7211154703360805,-31.0039968873457,0.0,21.907519581618672,-70.55246368312766,0.0,0.0
0.98,0.8618357943386222,-0.4046551319706502,0.0,0.9156991942181648,1.3431687432802721,0.0,-3.0643239399139452,4.7644550493907545,0.0,-2.5223351163301615,-31.62735182372044,0.0,17.810648898319627,-53.978486046810815,0.0,0.0
0.99,0.8708391567616001,-0.3909905140736,0.0,0.8849326291199997,1.3892236450133335,0.0,-3.0887279057777786,4.445769416888889,0.0,-2.365669555555556,-32.08073711111113,0.0,13.48365925925927,-36.55565925925936,0.0,0.0
1.0,0.8795336576238402,-0.376881349673852,0.0,0.853929126730212,1.4320719608332448,0.0,-3.1117854684574553,4.123435435935378,0.0,-2.253447027852797,-32.35557801919368,0.0,8.921140607853232,-18.266735558127635,0.0,0.0
1.01,0.8879169873668258,-0.3623598569282528,0.0,0.8226998894487355,1.4716862795425996,0.0,-3.1339529249019207,3.7992821426316845,0.0,-2.1880498736282554,-32.44312734002059,0.0,4.117682887517148,0.9055328189299985,0.0,0.0
1.02,0.8959869252418804,-0.34745843518876324,0.0,0.7912514366873173,1.5080579205400262,0.0,-3.1557106659670144,3.475226907546872,0.0,-2.171914533854167,-32.33446538802085,0.0,-0.9321239583333352,20.978393634259277,0.0,0.0
1.03,0.9037412912665753,-0.3322094732510288,0.0,0.7595853612254228,1.5411978257887518,0.0,-3.1775637174211258,3.1532771604938263,0.0,-2.2075315500685875,-32.02050000000002,0.0,-6.233689986282592,41.96909465020579,0.0,0.0
1.04,0.9111778957176426,-0.31664514859702475,0.0,0.7276980801560788,1.5711374690329192,0.0,-3.2000422809508544,2.835532115305486,0.0,-2.2974455643754297,-31.491966535140186,0.0,-11.792425252914974,63.8948836291153,0.0,0.0
1.05,0.9182944861063,-0.3007972174592999,0.0,0.6955805804216665,1.597929782261667,0.0,-3.2237022751666675,2.5241844946111094,0.0,-2.444255319444448,-30.739427875000025,0.0,-17.613739814814856,86.77300833333348,0.0,0.0
1.06,0.9250878294376434,-0.28469649631464794,0.0,0.6632161111646141,1.6216485778934056,0.0,-3.249122427970367,2.2214973183897424,0.0,-2.644458626908643,-29.77210998623842,0.0,-20.602155056790128,101.14454857640607,0.0,0.0
1.07,0.9315570852359306,-0.2683738555096645,0.0,0.6305892981047385,1.6423918203332986,0.0,-3.276569891168759,1.9288403063132726,0.0,-2.842264444922532,-28.758642664685176,0.0,-18.94052815246914,101.53420262081622,0.0,0.0
1.08,0.9376986682643127,-0.2518582460648369,0.0,0.5976784016229921,1.6602592271802779,0.0,-3.305910511613725,1.646335927698773,0.0,-3.02291096248889,-27.741740653866675,0.0,-17.17143300740741,101.82944065185188,0.0,0.0
1.09,0.9435096459348015,-0.23517791817233585,0.0,0.5644653657387948,1.6753524802559798,0.0,-3.3369674366927655,1.3740136040604671,0.0,-3.185357638404014,-26.722409487244843,0.0,-15.301697862345678,102.0179880038752,0.0,0.0
1.1,0.9489869141128119,-0.21836010390774332,0.0,0.5309339538867119,1.6877735032747327,0.0,-3.3695537497933796,1.1118920878446765,0.0,-3.3286322138716065,-25.701777444938003,0.0,-13.338150958024688,102.08757001124832,0.0,0.0
1.11,0.9541272158031334,-0.20143101536503688,0.0,0.4970698461423332,1.6976243490155438,0.0,-3.403473153127142,0.8599782349632583,0.0,-3.4518307125027796,-24.681095553720837,0.0,-11.287620535185178,102.02591200833336,0.0,0.0
1.12,0.9589271607740183,-0.1844158439812273,0.0,0.4628607296199119,1.7050070742194228,0.0,-3.438520650553775,0.618265777327041,0.0,-3.554117440316051,-23.66173758702442,0.0,-9.156934834567894,101.82073932949248,0.0,0.0
1.1300000000000001,0.9633832460511057,-0.16733876117339638,0.0,0.42829638204176335,1.7100236022120388,0.0,-3.4744832304052222,0.38673409537925973,0.0,-3.634724985737347,-22.645200064936198,0.0,-6.952922096913568,101.45977730908783,0.0,0.0
1.1400000000000001,0.967491877212898,-0.15022292041088156,0.0,0.3933687484794217,1.712775573251711,0.0,-3.5111405483097253,0.16534699062899394,0.0,-3.6929542196000016,-21.633102254199997,0.0,-4.682410562962946,100.9307512814815,0.0,0.0
1.1500000000000001,0.971249390419508,-0.13309046084535384,0.0,0.3580720112665571,1.7133641826027346,0.0,-3.5482656100158954,-0.04594854181539754,0.0,-3.728174295144754,-20.627186168216028,0.0,-2.3522284734567727,100.22138658103569,0.0,0.0
1.16,0.9746520751063937,-0.11596251262153626,0.0,0.32240265308365196,1.711890006334041,0.0,-3.5856254542167862,-0.24722354071283492,0.0,-3.7398226480197545,-19.629316567040895,0.0,0.030795930864165655,99.31940854211253,0.0,0.0
1.17,0.9776961972747994,-0.09885920399130713,0.0,0.2863595132144336,1.708452814843192,0.0,-3.6229818353739747,-0.43856830615609965,0.0,-3.7274049962805567,-18.641480957387515,0.0,2.4598344092592264,98.21254249907412,0.0,0.0
1.18,0.9803780233106182,-0.0817996703539405,0.0,0.24994383697407274,1.7031513741057076,0.0,-3.660091906541626,-0.6200936270383717,0.0,-3.6904953403901253,-17.665789592625256,0.0,4.928058720987629,96.88851378628263,0.0,0.0
1.19,0.9826938442633971,-0.06480206534522281,0.0,0.2131593183091346,1.6960832346497308,0.0,-3.6967089021905735,-0.7919320085198107,0.0,-3.628735963218829,-16.704475472779833,0.0,7.428640625308617,95.33504773810019,0.0,0.0
1.2,0.9846400005172001,-0.04788357409819821,0.0,0.17601213556929218,1.687344508256024,0.0,-3.7325828210323917,-0.9542388994941144,0.0,-3.5418374300444464,-15.759894344533347,0.0,9.95475188148146,93.53986968888894,0.0,0.0
1.21,0.9862129067850459,-0.0310604287982868,0.0,0.13851098045079901,1.6770296323833003,0.0,-3.767461108843469,-1.1071939200550847,0.0,-3.429578588552163,-14.834524701224277,0.0,12.499564248765413,91.49070497301102,0.0,0.0
1.22,0.9874090773586406,-0.014347926655522869,0.0,0.10066708011172021,1.665231122318891,0.0,-3.801089341289083,-1.2510020889631908,0.0,-3.29180656883457,-13.930967782847475,0.0,15.056249486419734,89.17527892482858,0.0,0.0
1.23,0.9882251515451211,0.0022395495833400503,0.0,0.06249421245892328,1.6520393110547449,0.0,-3.833211906747475,-1.3858950511121293,0.0,-3.1284367833916695,-13.051947576054175,0.0,17.617979353703692,86.58131687870375,0.0,0.0
1.24,0.9886579192225269,0.018688508460111053,0.0,0.024008714606828296,1.6375420768887636,0.0,-3.863572689133923,-1.5121323049953945,0.0,-2.9394529271308665,-12.200310814151997,0.0,20.177925609876528,83.69654416899867,0.0,0.0
1.25,0.988704346445718,0.034986323845083656,0.0,-0.014770515492082859,1.621824558751471,0.0,-3.8919157507248148,-1.6300024301728357,0.0,-2.724906977366977,-11.379026977104928,0.0,22.729260014197525,80.50868613007549,0.0,0.0
1.26,0.9883616010344578,0.05112120606885068,0.0,-0.05382202424499827,1.604968859258017,0.0,-3.917986014981725,-1.739824314737227,0.0,-2.4849191938222246,-10.591188291533342,0.0,25.265154325925923,77.00546809629634,0.0,0.0
1.27,0.987627078075376,0.0670821700232665,0.0,-0.09312181444474765,1.5870537354855143,0.0,-3.9415299493754876,-1.841948382780826,0.0,-2.2196781186262364,-9.84000973071398,0.0,27.778780304320986,73.17461540202336,0.0,0.0
1.28,0.9864984252695321,0.08285900010880848,0.0,-0.13264336412401623,1.5681542774757122,0.0,-3.9622962482102686,-1.9367578218619403,0.0,-1.929440576316051,-9.128829014579978,0.0,30.263309708641973,69.0038533816187,0.0,0.0
1.29,0.984973568057294,0.09844221190559249,0.0,-0.1723576522377972,1.548341574463003,0.0,-3.980036515447642,-2.024669810471492,0.0,-1.614531673836113,-8.461106609720837,0.0,32.711914298148145,64.48090736944448,0.0,0.0
1.3,0.9830507344522521,0.11382301044529503,0.0,-0.21223319117408734,1.5276823688277614,0.0,-3.9945059475306635,-2.106136745499575,0.0,-1.2753448005382728,-7.840425729382442,0.0,35.11776583209877,59.593502699862846,0.0,0.0
1.31,0.9807284795158848,0.128993244961235,0.0,-0.25223606609282134,1.5062386977750224,0.0,-4.005464016207944,-2.1816474697020327,0.0,-0.9123416281817907,-7.270492333467061,0.0,37.4740360697531,54.32936470723596,0.0,0.0
1.32,0.9780057094046931,0.1439453599938696,0.0,-0.29232998109304864,1.4840675227384899,0.0,-4.012675151357725,-2.2517284991670055,0.0,-0.5260521109333332,-6.755135128533336,0.0,39.773896770370385,48.676218725925935,0.0,0.0
1.33,0.974881704921523,0.15867234272895636,0.0,-0.33247631220834883,1.46122034650988,0.0,-4.015909423811951,-2.3169452507815054,0.0,-0.11707448536697607,-6.298305567796277,0.0,42.010519693209886,42.62179009029493,0.0,0.0
1.34,0.971356144502792,0.1731676664456357,0.0,-0.37263416723049037,1.4377428180936012,0.0,-4.014943228180343,-2.377903269697974,0.0,0.31392472953580297,-5.9040778511272975,0.0,44.177076597530885,36.15380413470507,0.0,0.0
1.35,0.9674291265733372,0.1874252299516866,0.0,-0.41276045236132763,1.4136743252867656,0.0,-4.009559965674476,-2.435249456800853,0.0,0.7662107323861114,-5.576648925054165,0.0,46.26673924259262,29.2599861935185,0.0,0.0
1.36,0.9631011912006057,0.20143929288320972,0.0,-0.45280994569294075,1.3890475749845377,0.0,-3.999550726931849,-2.48967329617314,0.0,1.2389804393876567,-5.320338482761041,0.0,48.27267938765435,21.92806160109737,0.0,0.0
1.37,0.9583733409798983,0.2152044067459895,0.0,-0.4927353775160145,1.3638881612108147,0.0,-3.984714974839963,-2.5419080825629585,0.0,1.7313624843367328,-5.13958896408846,0.0,50.18806879197534,14.145755691803814,0.0,0.0
1.3800000000000001,0.9532470610823927,0.2287153415757912,0.0,-0.5324875174564588,1.3382141208742426,0.0,-3.964861227360392,-2.592732148850116,0.0,2.2424172186222244,-5.038965555533331,0.0,52.00607921481485,5.90079379999996,0.0,0.0
1.3900000000000001,0.9477243383976557,0.24196700809484362,0.0,-0.572015268440271,1.312035477249568,0.0,-3.9398077403528577,-2.642970093512676,0.0,2.7711367112256204,-5.0231561902489545,0.0,53.71988241543214,-2.819098739952068,0.0,0.0
1.4000000000000001,0.9418076797023678,0.25495437524176234,0.0,-0.6112657674866354,1.2853537711843206,0.0,-3.9093831903993053,-2.6934940080935137,0.0,3.316444748720994,-5.096971548044998,0.0,55.32265015308646,-12.026196593690074,0.0,0.0
1.41,0.9355001287869746,0.26767238295216633,0.0,-0.650184493329267,1.2581615800308341,0.0,-3.873427357627976,-2.74522470466688,0.0,3.8771968352749933,-5.265345055387499,0.0,56.80755418703703,-21.73277442685172,0.0,0.0
1.42,0.9288052824719832,0.28011585006724327,0.0,-0.6887153808659975,1.2304420243035972,0.0,-3.831791808537479,-2.799132943304974,0.0,4.4521801926469085,-5.533332885398902,0.0,58.16776627654322,-31.951106905075363,0.0,0.0
1.43,0.9217279746569409,0.29227904319811776,0.0,-0.7268003559979184,1.2021692892766576,0.0,-3.784344381003713,-2.8562320562973547,0.0,5.0396560713196505,-5.90352637896137,0.0,59.021966394444455,-40.162098005041166,0.0,0.0
1.44,0.9142716183514621,0.3041569239787198,0.0,-0.764382011052644,1.1733051719414478,0.0,-3.73100928027136,-2.9172459719587738,0.0,5.626037741377779,-6.2962311561555575,0.0,58.22623564444445,-38.34690612592594,0.0,0.0
1.45,0.9064422096351885,0.31574304821155735,0.0,-0.8014011356365712,1.1438115906473603,0.0,-3.6718529451947273,-2.982093022272652,0.0,6.203625096142697,-6.669842117426391,0.0,57.26379847469136,-36.34499903076133,0.0,0.0
1.46,0.8982456633397126,0.3270309328595776,0.0,-0.8377999847326403,1.113651199441817,0.0,-3.6069715847338455,-3.0505730997399922,0.0,6.770771925583541,-7.022542036925106,0.0,56.138825718518525,-34.16636198189301,0.0,0.0
1.47,0.889688466663719,0.33801373173028737,0.0,-0.8735218570287546,1.0827887426443112,0.0,-3.5364776614073876,-3.122468423866427,0.0,7.32587372800278,-7.3526135414263925,0.0,54.85548820925926,-31.82098024166667,0.0,0.0
1.48,0.8807776679302084,0.3486842572454814,0.0,-0.9085112553679503,1.0511912265837315,0.0,-3.4604994742093353,-3.197544539688453,0.0,7.867367710036217,-7.658439110328398,0.0,53.41795678024691,-29.318839072427984,0.0,0.0
1.49,0.8715208637600735,0.3590350038784177,0.0,-0.9427140430277327,1.018828081350421,0.0,-3.3791807415256447,-3.275551316299667,0.0,8.393732786652986,-7.938501075652731,0.0,51.830402264814815,-26.669923736522627,0.0,0.0
1.5,0.8619261847037365,0.3690581731585873,0.0,-0.9760775958285792,0.9856713125629745,0.0,-3.2926801840509152,-3.3562239453769966,0.0,8.90348958115556,-8.19138162204445,0.0,50.09699549629629,-23.88421949629629,0.0,0.0
1.51,0.8520022793725551,0.3787457001442253,0.0,-1.0085509500716092,0.9516956431497761,0.0,-3.201171107705054,-3.43928393970694,0.0,9.395200425179738,-8.415762786772072,0.0,48.22190730802468,-20.971711614094637,0.0,0.0
1.52,0.8417582971117061,0.3880892812627112,0.0,-1.0400849463054207,0.9168786451452706,0.0,-3.104840986549944,-3.5244401317117955,0.0,9.867469358694656,-8.610426459727577,0.0,46.20930853333333,-17.942385352263358,0.0,0.0
1.53,0.8312038692562554,0.3970804034190057,0.0,-1.070632368922093,0.8812008615009747,0.0,-3.0038910457061094,-3.6113896719758998,0.0,10.318942130002782,-8.774254383426392,0.0,44.06337000555554,-14.806225973148127,0.0,0.0
1.54,0.8203490890121211,0.4057103742722712,0.0,-1.1001480815823563,0.8446459179112257,0.0,-2.898535844269384,-3.6998190277718614,0.0,10.748306195739922,-8.906228153007412,0.0,41.78826255802467,-11.573218739094628,0.0,0.0
1.55,0.8092044900036398,0.4139703535808234,0.0,-1.1285891584699295,0.8072006246536676,0.0,-2.789002858227576,-3.7894049815867943,0.0,11.15429072087521,-9.005429216232976,0.0,39.38815702407405,-8.253348912448523,0.0,0.0
1.56,0.7977810235294437,0.42185138551556167,0.0,-1.155915011375021,0.7688550684444744,0.0,-2.675532063377137,-3.8798156296485526,0.0,11.535666578711115,-9.071038873488892,0.0,36.86722423703701,-4.856601755555523,0.0,0.0
1.57,0.7860900345683561,0.429344431842025,0.0,-1.1820875126070003,0.7296026943083124,0.0,-2.5583755182398242,-3.9707113804519683,0.0,11.891246350883442,-9.102338277784417,0.0,34.22963503024688,-1.392962530761281,0.0,0.0
1.58,0.774143236577016,0.4364404058712218,0.0,-1.2070711137362338,0.6894403774630382,0.0,-2.437796946979375,-4.06174595328508,0.0,12.219884327361322,-9.098708434752266,0.0,31.479560237037003,2.1275834995885248,0.0,0.0
1.59,0.761952685120936,0.4431302070793797,0.0,-1.2308329601650878,0.6483684852191363,0.0,-2.314071322318164,-4.152567376755373,0.0,12.520476506447228,-9.059630202648613,0.0,28.621170690740698,5.695051073148193,0.0,0.0
1.6,0.7495307503807067,0.449404756296764,0.0,-1.2533430015280989,0.606390928893893,0.0,-2.1874844484538767,-4.24281898731601,0.0,12.79196059477696,-8.984684292353089,0.0,25.65863722469131,9.299454927572071,0.0,0.0
1.61,0.7368900885750529,0.4552550313657111,0.0,-1.2745740979213087,0.5635152057403088,0.0,-2.058332543976174,-4.332140427792069,0.0,13.033316007319655,-8.873551267368777,0.0,22.596130672222174,12.930809800514467,0.0,0.0
1.62,0.7240436123424491,0.46067210316802515,0.0,-1.294502121960769,0.5197524308907476,0.0,-1.9269218247833577,-4.4201686459067755,0.0,13.243563867377784,-8.726011543822223,0.0,19.43782186666661,16.579130429629686,0.0,0.0
1.6300000000000001,0.7110044601230066,0.4656471719218844,0.0,-1.3131060566702106,0.4751173593153247,0.0,-1.7935680869990396,-4.506538892807738,0.0,13.421767006587144,-8.541945390463425,0.0,16.18788164135797,20.23443155257209,0.0,0.0
1.6400000000000001,0.697785964582336,0.4701716036484057,0.0,-1.3303680891978793,0.4296283977950309,0.0,-1.658596289888806,-4.590885721593179,0.0,13.567029964916875,-8.321332928665841,0.0,12.850480829629568,23.886727906995958,0.0,0.0
1.6500000000000001,0.684401620119097,0.4742369667080134,0.0,-1.3462737003625396,0.3833076069095961,0.0,-1.5223401387768853,-4.672843985838179,0.0,13.678498990669448,-8.064254132426385,0.0,9.429790264814748,27.526034230555638,0.0,0.0
1.6600000000000001,0.6708650494979411,0.47783506830676103,0.0,-1.360811750028644,0.33618069304008913,0.0,-1.385141667962814,-4.752049838120899,0.0,13.755362040480662,-7.770888828365427,0.0,5.929980780246844,31.14236526090545,0.0,0.0
1.67,0.657189969649558,0.4809579908727519,0.0,-1.3739745583106702,0.28827699038625687,0.0,-1.2473508236381083,-4.828141728548824,0.0,13.79684877931965,-7.441516695726803,0.0,2.3552232092592575,34.7257357356996,0.0,0.0
1.68,0.6433901566795308,0.4835981282028081,0.0,-1.3857579826066238,0.2396294329985953,0.0,-1.1093250468029159,-4.900761403284997,0.0,13.802230580488889,-7.076517266377779,0.0,-1.2903116148148186,38.26616039259261,0.0,0.0
1.69,0.6294794101277134,0.4857482212795326,0.0,-1.3961614904607071,0.1902745168251696,0.0,-0.9714288561827025,-4.969554903074245,0.0,13.770820525624178,-6.676369924809107,0.0,-5.002452858641973,41.75365396923871,0.0,0.0
1.7,0.6154715165198327,0.4874013936589136,0.0,-1.4051882282551573,0.14025225177316103,0.0,-0.8340334311449071,-5.034173561769425,0.0,13.701973404694652,-6.241653908134982,0.0,-8.777029688888888,45.1782312032922,0.0,0.0
1.71,0.6013802122530276,0.4885511863286186,0.0,-1.4128450857312473,0.08960610378515543,0.0,-0.6975161946156097,-5.09427500485765,0.0,13.595085716002778,-5.773048306093058,0.0,-12.609871272222236,48.529906832407434,0.0,0.0
1.72,0.5872191458570323,0.48919159193712447,0.0,-1.419142756339459,0.0383829269301712,0.0,-0.5622603959961991,-5.1495241479865275,0.0,13.449595666184363,-5.2713320610444425,0.0,-16.496806775308656,51.79869559423871,0.0,0.0
1.73,0.5730018396727117,0.4893170882938315,0.0,-1.424095793418815,-0.013367114490579368,0.0,-0.42865469408004,-5.199594195490396,0.0,13.264983170208538,-4.737383967973712,0.0,-20.43366536481483,54.97461222644037,0.0,0.0
1.74,0.5587416509896576,0.4889226710403093,0.0,-1.4277226622053854,-0.06559063382318486,0.0,-0.2970927399691372,-5.244167638916553,0.0,13.040769851377776,-4.1721826744888855,0.0,-24.416276207407435,58.0476714666667,0.0,0.0
1.75,0.5444517326845548,0.4880038853928204,0.0,-1.4300457876699568,-0.11823111992579904,0.0,-0.16797275999080696,-5.282937255551495,0.0,12.77651904132788,-3.5768066808214476,0.0,-28.440468469753114,61.007888052572056,0.0,0.0
1.76,0.5301449934020233,0.4865568568562712,0.0,-1.4310915981848678,-0.17122904501866243,0.0,-0.041697138614338325,-5.315607106947153,0.0,12.471835780027984,-2.9524343398263313,0.0,-32.502071318518546,63.84527672181075,0.0,0.0
1.77,0.5158340573196476,0.4845783208097353,0.0,-1.4308905650200123,-0.22452198251938804,0.0,0.08132799863233497,-5.341893537447122,0.0,12.126366815780553,-2.3003438569819417,0.0,-36.59691392037041,66.5498522120371,0.0,0.0
1.78,0.5015312235388995,0.48206565086369824,0.0,-1.42947723766801,-0.27804473486350845,0.0,0.20069320224597442,-5.361526172712898,0.0,11.739800605221395,-1.6219132903901157,0.0,-40.72082544197535,69.11162926090542,0.0,0.0
1.79,0.48724842514366307,0.47901688588917024,0.0,-1.4268902749985417,-0.3317294713102874,0.0,0.3159861158313628,-5.374248918250115,0.0,11.311867313319647,-0.918620550776172,0.0,-44.86963505000004,71.52062260607,0.0,0.0
1.8,0.4729971879680716,0.47543075561881476,0.0,-1.4231724722418535,-0.3855058757337917,0.0,0.4267918931846415,-5.3798209579347755,0.0,10.842338813377772,-0.19204340148887944,0.0,-49.03917191111117,73.76684698518525,0.0,0.0
1.81,0.45878858911536197,0.47130670472023956,0.0,-1.4183707838014263,-0.4393013043992251,0.0,0.5326936153766448,-5.3780177525394866,0.0,10.331028687031576,0.5561405414995493,0.0,-53.22526519197535,75.84031713590541,0.0,0.0
1.82,0.4446332152694584,0.46664491524159857,0.0,-1.4125363418958112,-0.4930409537245275,0.0,0.6332727078362304,-5.368632038259697,0.0,9.777792224250197,1.3241538095934278,0.0,-57.423744059259306,77.73104779588482,0.0,0.0
1.83,0.43054112084099017,0.46144632732965135,0.0,-1.405724471029634,-0.5466480380272332,0.0,0.7281093574336133,-5.351474825239927,0.0,9.182526423336101,2.110119081573626,0.0,-61.63043767962968,79.42905370277782,0.0,0.0
1.84,0.4165217859894549,0.4557126581204273,0.0,-1.3979946982937639,-0.6000439772565922,0.0,0.8167829295637032,-5.3263763961000095,0.0,8.545169990925094,2.912059183597547,0.0,-65.84117521975317,80.92434959423872,0.0,0.0
1.85,0.402583389949207,0.44944629048385226,0.0,-1.3894114270596394,-0.653150419098573,0.0,0.898865632401822,-5.293203286157381,0.0,7.866270644005285,3.727659339788411,0.0,-69.37934563137864,82.13648967966397,0.0,0.0
1.86,0.3887355010283461,0.44265078169726924,0.0,-1.3800410548064117,-0.7058823454080803,0.0,0.974045672776304,-5.251806283660853,0.0,7.168394297533319,4.553057521311132,0.0,-70.18498971111114,82.92607821481486,0.0,0.0
1.87,0.37498495818929034,0.4353301613843501,0.0,-1.369953907389321,-0.7581589045668301,0.0,1.042207819861002,-5.202117583898657,0.0,6.462813122313925,5.385816681759607,0.0,-70.9179520315844,83.60640005243489,0.0,0.0
1.8800000000000001,0.3613385770363395,0.4274893989816251,0.0,-1.359220536279238,-0.8098968303356888,0.0,1.1032788953913326,-5.144069268957648,0.0,5.75032471641809,6.224775591787129,0.0,-71.56407649711937,84.16374271824421,0.0,0.0
1.8900000000000001,0.34780246413900273,0.41913429978465955,0.0,-1.3479121824904274,-0.8610122376432712,0.0,1.1571944048882066,-5.077605718841866,0.0,5.031868238873594,7.0686358973041905,0.0,-72.10920701203707,84.584393737963,0.0,0.0
1.9000000000000001,0.3343820105943476,0.4102715104986267,0.0,-1.3361006826646438,-0.911420752421349,0.0,1.2038999532675958,-5.002684982719957,0.0,4.308524409665003,7.915962119478488,0.0,-72.53918748065847,84.85464063731142,0.0,0.0
1.9100000000000001,0.32108188659928805,0.40090852342196365,0.0,-1.3238583609991332,-0.9610376551527346,0.0,1.2433526604501024,-4.9192801501726064,0.0,3.5815155097336744,8.76518165473492,0.0,-72.83986180730456,84.96077094200963,0.0,0.0
1.92,0.30790603717437415,0.39105367912598626,0.0,-1.3112579070185404,-1.0097780381316372,0.0,1.2755225769705247,-4.8273807224399645,0.0,2.8522053809777743,9.614584774755564,0.0,-72.99707389629631,84.8890721777778,0.0,0.0
1.93,0.2948576791806403,0.3807161674933376,0.0,-1.2983722391907162,-1.0575569764364994,0.0,1.3003940995874297,-4.726993983669069,0.0,2.1220994262522064,10.46232462647976,0.0,-72.99666765195475,84.6258318703361,0.0,0.0
1.94,0.2819392997710804,0.369906026978147,0.0,-1.2852743543864353,-1.1042897126152957,0.0,1.317967386892714,-4.618146372161286,0.0,1.3928446093687192,11.306417232103989,0.0,-72.82448697860085,84.15733754540469,0.0,0.0
1.95,0.269152656418302,0.35863414195077253,0.0,-1.2720371631830127,-1.1498918550833181,0.0,1.3282597749211775,-4.500884851619728,0.0,0.6662294550958272,12.144741489081955,0.0,-72.46637578055557,83.46987672870372,0.0,0.0
1.96,0.2564987786599272,0.3469122379900034,0.0,-1.2587333110118282,-1.19427959023343,0.0,1.3313071927600886,-4.375278282396683,0.0,-0.055815950841159534,12.975039170124566,0.0,-71.90817796213993,82.54973694595338,0.0,0.0
1.97,0.24397797170329796,0.33475287498559786,0.0,-1.2454349851497533,-1.2373699082587941,0.0,1.3271655781587524,-4.241418792741045,0.0,-0.7712199617601421,13.794914923199928,0.0,-71.13573742767491,81.38320572287381,0.0,0.0
1.98,0.23158982203104778,0.3221694379140312,0.0,-1.2322137075544823,-1.2790808426880753,0.0,1.31591229313808,-4.099423150045741,0.0,-1.4777693700222319,14.601836271533347,0.0,-70.1348980814815,79.95657058518519,0.0,0.0
1.99,0.2193332051491007,0.30917612515032944,0.0,-1.2191401135437703,-1.3193317236331203,0.0,1.2976475396001543,-3.94943413209516,0.0,-2.173109407031749,15.393133613607336,0.0,-68.89150382788067,78.2561190586077,0.0,0.0
2.0,0.20720629561865792,0.29578793417886384,0.0,-1.2062837163185718,-1.3580434447491068,0.0,1.2724957749378,-3.791621898312577,0.0,-2.8547437432362255,16.166000223161607,0.0,-67.39139857119342,76.26813866886145,0.0,0.0
2.0100000000000002,0.19520657951373396,0.28202064456598097,0.0,-1.193712657330086,-1.395138743907172,0.0,1.2406071276441484,-3.6261853610075834,0.0,-3.5200344881264147,16.91749224919309,0.0,-65.6204262157407,73.97891694166661,0.0,0.0
2.02,0.18333086944580376,0.26789079805734684,0.0,-1.1814934424907073,-1.4305424975795082,0.0,1.2021588129222114,-3.4533535566235285,0.0,-4.166202190236223,17.644528715955847,0.0,-63.56443066584361,71.37474140274347,0.0,0.0
2.0300000000000002,0.1715753222971169,0.2534156756628712,0.0,-1.1696906642288756,-1.4641820289369465,0.0,1.1573565482944388,-3.2733870169849077,0.0,-4.790325837142875,18.343891522961265,0.0,-61.209255825822964,68.44189957781198,0.0,0.0
2.04,0.15993545980425056,0.2386132715921035,0.0,-1.1583667093878374,-1.4959874296589932,0.0,1.1064359692123014,-3.0865791405448504,0.0,-5.389342855466678,19.012225444977794,0.0,-58.540745599999966,65.16667899259257,0.0,0.0
2.05,0.14840619213344775,0.22350226390295574,0.0,-1.1475814529683053,-1.5258918954563652,0.0,1.0496640446658432,-2.893257563632488,0.0,-5.960049110871246,19.646038132031194,0.0,-55.54474389269551,61.53536717280525,0.0,0.0
2.06,0.13698184458931467,0.20810198172664437,0.0,-1.1373919377150252,-1.5538320753059804,0.0,0.9873404927932556,-2.693785531700411,0.0,-6.499098908063386,20.241700109404405,0.0,-52.207094608230406,57.53425164417004,0.0,0.0
2.07,0.12565618759843267,0.1924323689317201,0.0,-1.1278520395472484,-1.5797484343984283,0.0,0.919799196490455,-2.4885632705721177,0.0,-7.003004990793055,20.795444777637506,0.0,-48.51364165092595,53.14961993240745,0.0,0.0
2.08,0.11442247010944118,0.17651394409005383,0.0,-1.1190121188331035,-1.603585630797923,0.0,0.8474096190206298,-2.278029357689386,0.0,-7.468138541853511,21.303368412527863,0.0,-44.45022892510281,48.36775956323723,0.0,0.0
2.09,0.10327345655116466,0.1603677566076705,0.0,-1.1109186575078795,-1.6252929058147143,0.0,0.7705782196238324,-2.0626620933597715,0.0,-7.890729183081124,21.761430165129962,0.0,-40.00270033508233,43.17495806237999,0.0,0.0
2.1,0.09220146749032959,0.14401533888328633,0.0,-1.103613882036206,-1.6448244880899912,0.0,0.6897498691265223,-1.842980872003959,0.0,-8.266864975355565,22.165452061755573,0.0,-35.15689978518509,37.557502955555435,0.0,0.0
2.11,0.08119842413044748,0.12747865435744465,0.0,-1.0971353722181432,-1.662140011393243,0.0,0.6054092655511605,-1.6195475534032697,0.0,-8.592492418599642,22.511119003973583,0.0,-29.898671179732524,31.50168176848424,0.0,0.0
2.12,0.07025589679341027,0.11078004131510577,0.0,-1.0915156558391734,-1.6772049461321095,0.0,0.5180823497257484,-1.3929678339470093,0.0,-8.86341645177943,22.793978768610167,0.0,-24.213858423045146,24.99378202688601,0.0,0.0
2.13,0.05936515752537347,0.09394215230458591,0.0,-1.0867817891640985,-1.6899910445746915,0.0,0.4283377208934268,-1.163892617879977,0.0,-9.075300452904171,23.009442007748618,0.0,-18.08830541944444,18.020091256481486,0.0,0.0
2.14,0.048517236968473765,0.07698788903570053,0.0,-1.0829549232748392,-1.7004767997843484,0.0,0.3367880523220116,-0.9330193885498117,0.0,-9.223666239026342,23.1527822487295,0.0,-11.50785607325087,10.566896982990187,0.0,0.0
2.15,0.03770298563995589,0.05994033262000792,0.0,-1.0800498562521421,-1.7086479182669598,0.0,0.24409150691359371,-0.7010935796545041,0.0,-9.303894066241616,23.219135894150543,0.0,-4.4583542887859835,2.620486732133017,0.0,0.0
2.16,0.02691313976025611,0.04282266901600673,0.0,-1.078074571201188,-1.7144978063306686,0.0,0.15095315281407695,-0.4689099464897346,0.0,-9.311222629688894,23.203502221866675,0.0,3.07435602962984,-5.832851970370598,0.0,0.0
2.17,0.016138391771617244,0.025658109542185115,0.0,-1.0770297601211067,-1.7180280701580934,0.0,0.0581263790227734,-0.23731393719639637,0.0,-9.240749063550263,23.100743384990043,0.0,11.104430977674966,-14.806831598799775,0.0,0.0
2.18,0.0053694656887815495,0.008469806320773599,0.0,-1.0769083336183947,-1.7192490295910194,0.0,-0.033585688998054364,-0.00720306400792925,0.0,-9.087428941051025,22.905584411889986,0.0,19.64602665102906,-24.315164627435124,0.0,0.0
2.19,-0.005402278799722509,-0.008719234823768166,0.0,-1.077696520308003,-1.7181803207054906,0.0,-0.12336417426401869,0.22050315015046296,0.0,-8.859208687652773,22.627160710427773,0.0,24.32658165740746,-29.49391721481487,0.0,0.0
2.2,-0.01618687845311718,-0.02588625414125195,0.0,-1.079368989442446,-1.7148489330292056,0.0,-0.21070845152304157,0.4452655307664502,0.0,-8.60648121979697,22.321839012907535,0.0,26.225718836762784,-31.57951574430738,0.0,0.0
2.21,-0.026992527095921356,-0.04300877322323586,0.0,-1.0819019468462092,-1.7092855373840619,0.0,-0.2954298639105585,0.6668695654820367,0.0,-8.334577115787202,21.995412665157538,0.0,28.160014555212676,-33.71243338902613,0.0,0.0
2.22,-0.03782769525777736,-0.060064633443278934,0.0,-1.0852681996525966,-1.7015227797446257,0.0,-0.37733507657138166,0.8851020832263572,0.0,-8.043201620222208,21.647480892177764,0.0,30.118102814814918,-35.87818691851864,0.0,0.0
2.23,-0.04870057182852583,-0.0770320133539975,0.0,-1.0894386088029229,-1.6915954554210517,0.0,-0.45622837539619293,1.09974662934003,0.0,-7.732173637680204,21.277787751272765,0.0,32.08861761762695,-38.062293102332035,0.0,0.0
2.24,-0.05961904449627027,-0.0938894503204679,0.0,-1.094382070936972,-1.6795405346533496,0.0,-0.5319128036213678,1.3105849138982804,0.0,-7.401425732718776,20.88622213205156,0.0,34.060192965706555,-40.25026871001384,0.0,0.0
2.25,-0.07059068006116848,-0.11061586233714346,0.0,-1.1000655116494524,-1.6653971737224262,0.0,-0.604191298428741,1.5173982600339082,0.0,-7.05100412987499,20.47281775642777,0.0,36.021462861111175,-42.42763051111119,0.0,0.0
2.2600000000000002,-0.08162270473862632,-0.127190569883478,0.0,-1.1064538901124508,-1.649206711577891,0.0,-0.6728678275454278,1.7199690522604092,0.0,-6.681068713665276,20.037753178619457,0.0,37.961061305898596,-44.579895275171594,0.0,0.0
2.27,-0.09272198456553817,-0.14359331767339903,0.0,-1.1135102150638831,-1.6310126519826387,0.0,-0.7377485258435934,1.9180821847949465,0.0,-6.29189302858555,19.5813517851493,0.0,39.867622302126264,-46.69257977174219,0.0,0.0
2.2800000000000002,-0.1038950060232497,-0.15980429615382272,0.0,-1.121195572161946,-1.6108606311741909,0.0,-0.7986428319402699,2.111526509881468,0.0,-5.883864279111089,19.104081794844422,0.0,41.72977985185196,-48.7512007703705,0.0,0.0
2.29,-0.11514785699088738,-0.17580416260735407,0.0,-1.129469162705562,-1.5887983710428206,0.0,-0.8553646247971289,2.300096286113681,0.0,-5.457483329696659,18.60655625883654,0.0,43.536167957133124,-50.74127504060365,0.0,0.0
2.3000000000000003,-0.12648620814273015,-0.19157406171436425,0.0,-1.138288353720827,-1.5648756178264314,0.0,-0.907733360320297,2.483592626758165,0.0,-5.0133647047763805,18.089533060561838,0.0,45.27542062002754,-52.648319351989144,0.0,0.0
2.31,-0.1379152949032679,-0.20709564542958867,0.0,-1.147608739413452,-1.5391440663222216,0.0,-0.9555752079601294,2.661824948077353,0.0,-4.552236588763873,17.553914915761094,0.0,46.93617184259266,-54.45785047407415,0.0,0.0
2.32,-0.14943990007362143,-0.22235109202843642,0.0,-1.1573842139872057,-1.5116572696151032,0.0,-0.9987241873110216,2.834612417652632,0.0,-4.07494082605212,17.000749372479554,0.0,48.50705562688618,-56.15538517640608,0.0,0.0
2.33,-0.16106433724297228,-0.2373231241781606,0.0,-1.167567055828354,-1.4824705343229,0.0,-1.0370233047111956,3.0017854027073625,0.0,-3.5824329210135275,16.43122881106699,0.0,49.97670597496577,-57.72644022853231,0.0,0.0
2.34,-0.17279243509866649,-0.25199502588906453,0.0,-1.1781080230560952,-1.4516408013583175,0.0,-1.0703256898424893,3.163186918429905,0.0,-3.0757820379999927,15.84669044417777,0.0,51.33375688888892,-59.156532400000046,0.0,0.0
2.35,-0.1846275227486582,-0.2663506582009186,0.0,-1.1889564604389982,-1.4192265122076666,0.0,-1.098495732330163,3.3186740762967135,0.0,-2.5561710013427437,15.248616316770692,0.0,52.56684237071336,-60.43117846035672,0.0,0.0
2.36,-0.19657241616993965,-0.2803744734597374,0.0,-1.200060417677432,-1.385287460726381,0.0,-1.1214102183426813,3.4681195323953258,0.0,-2.024896295352529,14.638633306109181,0.0,53.6645964224966,-61.53589517914956,0.0,0.0
2.37,-0.2086294058966338,-0.2940515280401074,0.0,-1.2113667790520013,-1.3498846304512768,0.0,-1.138959467191517,3.6114129357474636,0.0,-1.4833680643194214,14.018513121761089,0.0,54.615653046296345,-62.456199325925986,0.0,0.0
2.38,-0.22080024606139306,-0.30736749336820995,0.0,-1.2228214044379706,-1.3130800174296102,0.0,-1.1510484679309387,3.748462376632023,0.0,-0.9331101125130203,13.390172305598892,0.0,55.40864624417012,-63.177607670233236,0.0,0.0
2.39,-0.23308614490378038,-0.3203086651007291,0.0,-1.234369281685696,-1.2749364385648758,0.0,-1.1575980159578096,3.879195834908172,0.0,-0.3757599041822459,12.755672231799492,0.0,56.03221001817561,-63.6856369816187,0.0,0.0
2.4,-0.24548775685927673,-0.3328619703147915,0.0,-1.2459546903670446,-1.235517325479403,0.0,-1.1585458496113776,4.003562628338349,0.0,0.18693143644445698,12.117219106844432,0.0,56.474978370370394,-63.96580402962966,0.0,0.0
2.41,-0.2580051763425906,-0.3450149725641254,0.0,-1.2575213768878235,-1.1948865038936938,0.0,-1.1538477867730732,4.12153486091135,0.0,0.7530991251593182,11.477163969519657,0.0,56.725585302812085,-64.00362558381346,0.0,0.0
2.42,-0.27063793333891367,-0.3567558746565882,0.0,-1.2690127409661953,-1.1531079585225585,0.0,-1.143478861466302,4.233108871165334,0.0,1.3207647177750488,10.838002690915761,0.0,56.77266481755831,-63.78461841371744,0.0,0.0
2.43,-0.2833849909167992,-0.36807351900824725,0.0,-1.2803720334771007,-1.110245583487992,0.0,-1.1274344604562379,4.3383066805109065,0.0,1.8878361101250274,10.20237597442775,0.0,56.60485091666666,-63.29429928888889,0.0,0.0
2.44,-0.29624474477630564,-0.37895738542916535,0.0,-1.2915425656626716,-1.06636291824885,0.0,-1.105731459849621,4.4371774415541285,0.0,2.4521075380631157,9.573069355755264,0.0,56.21077760219478,-62.518184978875176,0.0,0.0
2.45,-0.3092150249460837,-0.38939758619607495,0.0,-1.3024679297086492,-1.0215228690472622,0.0,-1.0784093616945465,4.529798886419599,0.0,3.0112595774638464,8.95301320290237,0.0,55.579078876200256,-61.44179225322357,0.0,0.0
2.46,-0.32229309974304793,-0.39938485826709225,0.0,-1.3130922306867938,-0.9757874158718484,0.0,-1.0455314305802657,4.616278775073459,0.0,3.562859144222239,8.34528271617776,0.0,54.69838874074073,-60.05063788148148,0.0,0.0
2.47,-0.3354756821083124,-0.4089105524936552,0.0,-1.3233603298632979,-0.9292173049376721,0.0,-1.0071858302369707,4.696756343646481,0.0,4.104359494253972,7.753097928194551,0.0,53.55734119787375,-58.330238633196096,0.0,0.0
2.48,-0.34875893843303013,-0.4179666196848373,0.0,-1.3332180993731908,-0.8818717266829946,0.0,-0.9634867601356012,4.77140375275707,0.0,4.633100223495214,7.1798237038704915,0.0,52.14457024965703,-56.26611127791492,0.0,0.0
2.49,-0.36213849998781705,-0.4265455933792198,0.0,-1.34261268826075,-0.8338079792827675,0.0,-0.9145755920876247,4.84042753583435,0.0,5.146307267902806,6.628969740427749,0.0,50.44870989814807,-53.84377258518508,0.0,0.0
2.5,-0.37560947706939984,-0.43464056917947635,0.0,-1.3514927998859008,-0.7850811176789266,0.0,-0.8606220068448465,4.904070047441174,0.0,5.641092903454062,6.104190567393122,0.0,48.45839414540461,-51.04873932455413,0.0,0.0
2.5100000000000002,-0.3891664759781678,-0.4422451805048503,0.0,-1.3598089806966218,-0.735743588127422,0.0,-0.8018251306991844,4.962610911597198,0.0,6.114455746146977,5.609285546597846,0.0,46.162256993484114,-47.86652826556913,0.0,0.0
2.52,-0.4028040000000006,-0.44935400000000025,0.0,-1.3675133333333336,-0.6858449999999978,0.0,-0.7384111111111084,5.01636666666667,0.0,6.563277777777799,5.148194444444426,0.0,43.54888888888887,-44.28240740740745,0.0,0.0
2.5300000000000002,-0.41651494193464655,-0.45596079213851687,0.0,-1.3745620579736284,-0.6354313306020812,0.0,-0.6706152278662719,5.065623877359036,0.0,6.994408885148779,4.7021976963627115,0.0,42.65499104509597,-44.912355868484276,0.0,0.0
2.54,-0.4302929098498981,-0.4620610593154543,0.0,-1.3809114217475746,-0.5845474927544032,0.0,-0.5985549391488307,5.110390094316189,0.0,7.415940145919088,4.250044067729747,0.0,41.629857373113815,-45.51328213305902,0.0,0.0
2.5500000000000003,-0.4441306985710064,-0.46765032540980583,0.0,-1.386519282230964,-0.53323869927596,0.0,-0.5223327114357585,5.150605249980906,0.0,7.82658733593753,3.79203882204858,0.0,40.479114699074,-46.08217789351857,0.0,0.0
2.56,-0.458020686833995,-0.47272456938000057,0.0,-1.3913445849377597,-0.4815507478967693,0.0,-0.4420635721042485,5.186212479846367,0.0,8.22512249931415,3.32851730589847,0.0,39.208389849108315,-46.6160348422497,0.0,0.0
2.57,-0.4719548487837123,-0.47728023094784955,0.0,-1.3953474861156883,-0.42952998772319695,0.0,-0.3578745467490761,5.217158423286931,0.0,8.610373948420365,2.859844948934745,0.0,37.823309649348396,-47.111844671639254,0.0,0.0
2.58,-0.4859247666717007,-0.48131421593210016,0.0,-1.3984894699150001,-0.3772232826949974,0.0,-0.2699040964999955,5.243393524388891,0.0,8.98122626388891,2.386417263888866,0.0,36.32950092592586,-47.566599074074105,0.0,0.0
2.59,-0.4999216446976183,-0.4848239012015203,0.0,-1.4007334599304078,-0.32467797203404813,0.0,-0.17830155533913916,5.26487233278123,0.0,9.33662029461378,1.9086598465684883,0.0,34.73259050497253,-47.977289741941036,0.0,0.0
2.6,-0.5139363239379526,-0.4878071392174297,0.0,-1.4020439251161958,-0.27194182768475267,0.0,-0.08322656741837631,5.281553804466394,0.0,9.675553157750363,1.4270283758573146,0.0,33.03820521261995,-48.340908367626916,0.0,0.0
2.61,-0.5279592983057418,-0.49026226213559143,0.0,-1.4023869800745052,-0.21906300874617024,0.0,0.015151475623267019,5.293401602651043,0.0,9.99707823871529,0.9420086137152639,0.0,31.251971874999956,-48.65444664351854,0.0,0.0
2.62,-0.5419807314850544,-0.49218808543738574,0.0,-1.4017304797167924,-0.16609001289580194,0.0,0.11665399734225523,5.300384398576819,0.0,10.300305191186576,0.45411640517830065,0.0,29.379517318244076,-48.91489626200277,0.0,0.0
2.63,-0.5559904747839399,-0.4935839110601776,0.0,-1.4000441082984607,-0.11307162480510502,0.0,0.22109379917312166,5.302476172351103,0.0,10.584399937103491,-0.03610232164139049,0.0,27.426468368484173,-49.119248915466414,0.0,0.0
2.64,-0.5699780858496007,-0.49444952999680003,0.0,-1.3972994628266666,-0.060056861546663676,0.0,0.32827562311111735,5.299656513777778,0.0,10.848584666666685,-0.5280715555555826,0.0,25.398451851851746,-49.264496296296315,0.0,0.0
2.65,-0.5839328481894994,-0.49478522433406613,0.0,-1.3934701308413,-0.0070949149930884525,0.0,0.43799671439478705,5.291910923187993,0.0,11.092137838338061,-1.0211852022998285,0.0,23.301094594478673,-49.3476300968793,0.0,0.0
2.66,-0.5978437914421504,-0.49459176870022964,0.0,-1.3885317625691378,0.04576490879242878,0.0,0.5500473841886212,5.279231112270919,0.0,11.314394178840892,-1.5148070845336363,0.0,21.14002342249645,-49.36564200960221,0.0,0.0
2.67,-0.611699712341309,-0.4938704310913085,0.0,-1.3824621374511716,0.09847325317383004,0.0,0.6642115722656293,5.261615304904514,0.0,11.514744683159734,-2.008270941840296,0.0,18.920865162036964,-49.315523726851865,0.0,0.0
2.68,-0.6254891963173115,-0.4926229730461906,0.0,-1.3752412250431088,0.1509807775682519,0.0,0.7802674096899934,5.239068537986282,0.0,11.69263661454048,-2.5008804307270527,0.0,16.649246639231695,-49.194266941015094,0.0,0.0
2.69,-0.639200639679273,-0.490851649140437,0.0,-1.3668512402890494,0.20323822708035566,0.0,0.8979877814996403,5.211602962264038,0.0,11.84757350449032,-2.991909124624934,0.0,14.330794680212538,-48.99886334447874,0.0,0.0
2.7,-0.6528222723219008,-0.4885592057686998,0.0,-1.3572766931683327,0.25519650514500325,0.0,1.0171408893888962,5.179238143166665,0.0,11.979115152777787,-3.48060051388892,0.0,11.971136111110969,-48.726304629629624,0.0,0.0
2.71,-0.6663421809006307,-0.48574887918567317,0.0,-1.3465044327155642,0.30680674917820294,0.0,1.1374908143910587,5.14200136163488,0.0,12.086877627432706,-3.9661680057977744,0.0,9.575897758058893,-48.373582488854595,0.0,0.0
2.72,-0.6797483324188394,-0.48242439277549126,0.0,-1.334523685413808,0.3580204092364003,0.0,1.2587980795610507,5.099927914951987,0.0,12.170533264746235,-4.4477949245542145,0.0,7.150706447187773,-47.93768861454045,0.0,0.0
2.73,-0.6930285981708451,-0.47858995351949435,0.0,-1.321326087960963,0.4087893296840386,0.0,1.3808202126579916,5.053061417574652,0.0,12.229810669270838,-4.924634511284744,0.0,4.701189004629526,-47.41561469907406,0.0,0.0
2.74,-0.7061707779844475,-0.4742502476322745,0.0,-1.3069057144093017,0.459065833869466,0.0,1.503312308827855,5.001454101963646,0.0,12.264494713820307,-5.395809924039812,0.0,2.232972256515616,-46.80435243484222,0.0,0.0
2.75,-0.7191626247067193,-0.4694104353359246,0.0,-1.291259097678195,0.5088028118091108,0.0,1.6260275932860355,4.945167119414629,0.0,12.27442653946974,-5.860414237793661,0.0,-0.24831697102205652,-46.10089351423181,0.0,0.0
2.7600000000000002,-0.7319918688768008,-0.4640761447423996,0.0,-1.2743852454399989,0.5579538108800033,0.0,1.7487179840000087,4.8842708408888855,0.0,12.259503555555558,-6.317510444444476,0.0,-2.7370518518520157,-45.302229629629586,0.0,0.0
2.77,-0.7446462435294088,-0.4582534648139159,0.0,-1.256285650379126,0.6064731295205668,0.0,1.871134654371898,4.818845157844112,0.0,12.219679439675499,-6.766131452814236,0.0,-5.227605559842367,-44.40535247342247,0.0,0.0
2.7800000000000002,-0.7571135090728125,-0.45194893737129616,0.0,-1.2369642948242807,0.6543159139397541,0.0,1.9930285959211336,4.7489797830651534,0.0,12.154964137688612,-7.205280088648866,0.0,-7.714351268861627,-43.4072537379972,0.0,0.0
2.79,-0.7693814781849873,-0.44516954812018633,0.0,-1.2164276497538793,0.7014382578344553,0.0,2.11415118096702,4.674774551494789,0.0,12.065423863715276,-7.633929094618079,0.0,-10.191662152777901,-42.3049251157407,0.0,0.0
2.8000000000000003,-0.7814380406716994,-0.4379227166650522,0.0,-1.1946846681746304,0.747797305115248,0.0,2.2342547253113945,4.596339721064467,0.0,11.95118110013717,-8.051021130315531,0.0,-12.653911385459708,-41.09535829903971,0.0,0.0
2.81,-0.7932711882302313,-0.4302162854808814,0.0,-1.171746772873305,0.7933513556404201,0.0,2.353093050921196,4.513796273525095,0.0,11.812414597597304,-8.455468772258682,0.0,-15.095472140775165,-39.775544980281154,0.0,0.0
2.82,-0.8048690390625003,-0.42205850781249976,0.0,-1.1476278385416658,0.8380599739583348,0.0,2.4704220486111153,4.427276215277776,0.0,11.649359374999996,-8.846154513888903,0.0,-17.51071759259267,-38.34247685185183,0.0,0.0
2.83,-0.816219862281286,-0.4134580344714244,0.0,-1.1223441682745783,0.8818841010580771,0.0,2.586000240726194,4.336922878204579,0.0,11.462306719510883,-9.221930765571436,0.0,-19.894020914780647,-36.79314560613848,0.0,0.0
2.84,-0.8273121020533059,-0.4044238995001705,0.0,-1.0959144644412977,0.9247861691284147,0.0,2.6995893438244214,4.242891220499312,0.0,11.251604186556925,-9.581619854595349,0.0,-22.239755281207216,-35.12454293552808,0.0,0.0
2.85,-0.8381344014228732,-0.3949655046739221,0.0,-1.0683597939299203,0.9667302193250806,0.0,2.8109548313593815,4.145348127498259,0.0,11.01765559982638,-9.924014025173632,0.0,-24.542293865740866,-33.33366053240732,0.0,0.0
2.86,-0.8486756257598596,-0.38509260280949453,0.0,-1.0397035477650218,1.0076820225463365,0.0,2.91986649636283,4.044472712510972,0.0,10.760921051268856,-10.247875438443085,0.0,-26.796009842249738,-31.417490089163184,0.0,0.0
2.87,-0.8589248857757057,-0.3748152798514933,0.0,-1.0099713950984537,1.047609203216876,0.0,3.0260990141273427,3.9404566176509936,0.0,10.48191690109524,-10.55193617246444,0.0,-28.995276384602327,-29.37302329818234,0.0,0.0
2.88,-0.8688715600512003,-0.36414393570559955,0.0,-0.9791912315733322,1.0864813660800012,0.0,3.1294325048888934,3.8335043146666634,0.0,10.18121577777777,-10.834898222222234,0.0,-31.134466666666746,-27.19725185185179,0.0,0.0
2.89,-0.8785053170197702,-0.35308926378888433,0.0,-0.9473931220611799,1.1242702259981412,0.0,3.229653096509502,3.723833405771835,0.0,9.859446578049969,-11.095433499624932,0.0,-33.20795386231152,-24.88716744255818,0.0,0.0
2.9,-0.8878161363500022,-0.34166222926708406,0.0,-0.9146092377722645,1.1609497407616451,0.0,3.326553487159812,3.611674924476677,0.0,9.517294466906712,-11.33218383350481,0.0,-35.210111145404746,-22.43976176268854,0.0,0.0
2.91,-0.8967943296711403,-0.3298740459487391,0.0,-0.8808737877390864,1.1964962469059135,0.0,3.419933508001743,3.497273636418397,0.0,9.155500877604146,-11.54376096961807,0.0,-37.13531168981495,-19.852026504629492,0.0,0.0
2.92,-0.9054305605852768,-0.31773615180612663,0.0,-0.8462229446730667,1.2308885985368097,0.0,3.5096006858710607,3.3808883401920404,0.0,8.774863511659795,-11.728746570644727,0.0,-38.977928669410225,-17.120953360768095,0.0,0.0
2.93,-0.9137158639099836,-0.3052601830928903,0.0,-0.8106947651943817,1.2641083091644043,0.0,3.5953708059600324,3.262792168181213,0.0,8.37623633885243,-11.885692216188712,0.0,-40.732335258059116,-14.243534023490916,0.0,0.0
2.94,-0.9216410000000004,-0.29245899999999947,0.0,-0.774326666666665,1.296136666666668,0.0,3.6770833333333375,3.1432666666666615,0.0,7.960611111111094,-12.01311111111112,0.0,-42.39277777777783,-11.216296296296356,0.0,0.0
2.95,-0.9291991034618813,-0.2793424769643431,0.0,-0.7371649015989316,1.3269667555267677,0.0,3.754556470206217,3.0225535833420274,0.0,7.532686884870085,-12.131626127979265,0.0,-43.190289519032994,-12.488517292524095,0.0,0.0
2.96,-0.9363817872682567,-0.2659237089776497,0.0,-0.6992499337902109,1.356583575375141,0.0,3.8277106958786047,2.9005915886529436,0.0,7.096852421296277,-12.262905311042534,0.0,-43.973671090535035,-13.767894513031614,0.0,0.0
2.97,-0.9431817366491857,-0.25221489330532876,0.0,-0.6606253452208046,1.3849739980058873,0.0,3.896467729901047,2.777252806628464,0.0,6.653283646701359,-12.406983171875014,0.0,-44.735997569444514,-15.047017824074167,0.0,0.0
2.98,-0.9495920765363449,-0.23822836489131421,0.0,-0.6213354907250461,1.4121236159628363,0.0,3.960751397333337,2.6524093866886087,0.0,6.202225736625493,-12.563820120713318,0.0,-45.470344032921865,-16.318477091906786,0.0,0.0
2.99,-0.9556063791747549,-0.22397660913694234,0.0,-0.5814254734737332,1.4380167464985318,0.0,4.020488321236823,2.5259342446576984,0.0,5.743993115837158,-12.733302466456635,0.0,-46.169785558127636,-17.57486218278473,0.0,0.0
3.0,-0.9612186714547003,-0.20947227460319928,0.0,-0.5409411135316646,1.4626364429433345,0.0,4.07560861516667,2.397701803777771,0.0,5.278969458333311,-12.91524241666668,0.0,-46.827397222222274,-18.80876296296303,0.0,0.0
3.0100000000000002,-0.966423441894606,-0.19472818556221655,0.0,-0.4999289094902273,1.4859645134846737,0.0,4.126046575664163,2.2675887357219127,0.0,4.807607687339214,-13.109378077567749,0.0,-47.43625410236631,-20.012769298696938,0.0,0.0
3.02,-0.9712156472056102,-0.17975735432393375,0.0,-0.45843599317508704,1.5079815473564164,0.0,4.171741374748974,2.1354747016076745,0.0,4.330429975308617,-13.315373454046654,0.0,-47.98943127572021,-21.179471056241493,0.0,0.0
3.0300000000000002,-0.9755907183685933,-0.16457299326380667,0.0,-0.41651007742892915,1.528666948438387,0.0,4.212637752411462,2.001243093010406,0.0,3.8480277439235744,-13.5328184496528,0.0,-48.4800038194445,-22.301458101851942,0.0,0.0
3.04,-0.979544566154407,-0.14918852647747977,0.0,-0.37419939696930493,1.5479989762660047,0.0,4.24868670910494,1.864781772976673,0.0,3.361061664094623,-13.761228866598097,0.0,-48.901046810699626,-23.371320301783328,0.0,0.0
3.0500000000000003,-0.9830735860180588,-0.133617600988301,0.0,-0.33155264232152587,1.5659547944500694,0.0,4.279846198237979,1.7259838170375834,0.0,2.8702616559606096,-14.000046405757054,0.0,-49.24563532664613,-24.38164752229089,0.0,0.0
3.06,-0.9861746622976002,-0.11787409743359914,0.0,-0.28861888682666426,1.5825105265066677,0.0,4.3060818186666685,1.5847482542222142,0.0,2.3764268888888607,-14.248638666666686,0.0,-49.506844444444475,-25.325029629629686,0.0,0.0
3.0700000000000003,-0.9888451716484703,-0.10197214015560033,0.0,-0.24544750672460192,1.5976413190972245,0.0,4.327367507186923,1.4409808080709332,0.0,1.8804257814750116,-14.506299147526603,0.0,-49.67774924125517,-26.19405649005494,0.0,0.0
3.08,-0.9910829856440451,-0.08592610662290426,0.0,-0.20208809431218544,1.6113214126786795,0.0,4.3436862310267506,1.294594637648825,0.0,1.3831960015431806,-14.772247245198923,0.0,-49.7514247942387,-26.981317969821724,0.0,0.0
3.09,-0.9928864724731447,-0.06975063610839788,0.0,-0.1585903641764307,1.6235242195638024,0.0,4.355030680338542,1.1455110785590221,0.0,0.8857444661458143,-15.04562825520835,0.0,-49.72094618055557,-27.679403935185217,0.0,0.0
3.1,-0.9942544976652468,-0.05346063754952188,0.0,-0.1150040525028232,1.6342224093916422,0.0,4.361403960691359,0.9936603839560947,0.0,0.3891473415637554,-15.325513371742133,0.0,-49.579388477366265,-28.28090425240059,0.0,0.0
3.11,-0.9951864237741589,-0.037071296516782426,0.0,-0.07137880945869568,1.6433880020081033,0.0,4.362820285563208,0.8389824655594502,0.0,-0.10544995669369239,-15.61089968765005,0.0,-49.31982676183128,-28.778408787722935,0.0,0.0
3.12,-0.9956821089509,-0.020598081216399,0.0,-0.02776408465166391,1.6509924677566672,0.0,4.359305668833334,0.6814276346666563,0.0,-0.5968327638889201,-15.900710194444468,0.0,-48.9353361111111,-29.164507407407434,0.0,0.0
3.13,-0.9957419043365421,-0.004056747453005438,0.0,0.015790994336831732,1.657006835179235,0.0,4.350898617274499,0.5209573431668741,0.0,-1.0837171660558331,-16.193793782300258,0.0,-48.41899160236625,-29.431789977709208,0.0,0.0
3.14,-0.9953666502057613,0.01253665752172023,0.0,0.05923775034293832,1.661401806127115,0.0,4.3376508230452675,0.35754492455417264,0.0,-1.564750000000033,-16.488925240054893,0.0,-47.763868312757175,-29.572846364883414,0.0,0.0
3.15,-0.9945576707918523,0.029165792348574082,0.0,0.10252809193669443,1.6641478782821355,0.0,4.319627856182291,0.19117633494096475,0.0,-2.038508853298633,-16.78480525520835,0.0,-46.96304131944443,-29.580266435185194,0.0,0.0
3.16,-0.9933167677239532,0.04581402016261865,0.0,0.14561465566328813,1.6652154750878967,0.0,4.296909857092592,0.021850894071318905,0.0,-2.5035020643004424,-17.080060413923206,0.0,-46.00958569958843,-29.446640054869683,0.0,0.0
3.17,-0.9916462120072341,0.06246440853132679,0.0,0.18845095520920585,1.6645750830911534,0.0,4.269592229045845,-0.15041797366560328,0.0,-2.9581687221257935,-17.373243201024536,0.0,-44.89657653034976,-29.16455709019204,0.0,0.0
3.18,-0.9895487344767999,0.0790997308032011,0.0,0.23099153749333612,1.6621973966933332,0.0,4.2377863306666645,-0.3256019982222349,0.0,-3.4008786666666966,-17.662832000000023,0.0,-43.617088888888816,-28.726607407407382,0.0,0.0
3.19,-0.9870275146560563,0.09570246894094836,0.0,0.2731921456829659,1.6580534703121872,0.0,4.201620168426889,-0.5036573228791674,0.0,-3.8299324885866985,-17.947231092999846,0.0,-42.1641978523662,-28.125380872770897,0.0,0.0
3.2,-0.9840861679502924,0.11225481791333242,0.0,0.3150098891347285,1.6521148779535753,0.0,4.161239089137857,-0.6845237632318377,0.0,-4.243561529321018,-18.22477066083679,0.0,-40.530978497942286,-27.353467352537674,0.0,0.0
3.21,-0.9807287311062288,0.12873869171978358,0.0,0.3564034202604448,1.644353880193385,0.0,4.116806472442706,-0.8681240661770926,0.0,-4.639927881076409,-18.49370678298613,0.0,-38.710505902777705,-26.40345671296292,0.0,0.0
3.22,-0.9769596458682818,0.1451357311218901,0.0,0.39733311831791773,1.634743598569583,0.0,4.068504423308639,-1.0543631688998771,0.0,-5.017124386831305,-18.752221437585757,0.0,-36.69585514403279,-25.26793882030171,0.0,0.0
3.23,-0.9727837407622972,0.16142731315584907,0.0,0.43776128012662097,1.6232581973844038,0.0,4.016534464519223,-1.2431274578597926,0.0,-5.373174640335669,-18.99842250143606,0.0,-34.48010129886821,-23.93950354080927,0.0,0.0
3.24,-0.9682062109374997,0.17759456250000116,0.0,0.47765231770833616,1.6098730729166655,0.0,3.961118229166663,-1.4342840277777928,0.0,-5.706032986111139,-19.230343750000024,0.0,-32.056319444444284,-22.410740740740636,0.0,0.0
3.25,-0.9632325959974143,0.19361836477152794,0.0,0.5169729628526883,1.5945650500442288,0.0,3.9024981531440943,-1.627679940622739,0.0,-6.013584519450894,-19.445944857403138,0.0,-29.417584657921694,-20.674240286351086,0.0,0.0
3.2600000000000002,-0.957868755750505,0.20947938182643588,0.0,0.5556924786076297,1.5773125862765782,0.0,3.8409381676378556,-1.823141484598095,0.0,-6.293645086419775,-19.64311139643349,0.0,-26.556972016460705,-18.722592043895602,0.0,0.0
3.27,-0.9521208438112865,0.2251580691369055,0.0,0.5937828776948196,1.558095983197551,0.0,3.7767243916197883,-2.0204734331284837,0.0,-6.543961283854183,-19.81965483854168,0.0,-23.467556597222067,-16.54838587962952,0.0,0.0
3.2800000000000002,-0.9459952789826549,0.24063469532012938,0.0,0.631219147849955,1.5368976053181829,0.0,3.710165824339501,-2.219458303846381,0.0,-6.7622104593621595,-19.973312553840895,0.0,-20.142413477366013,-14.144211659807777,0.0,0.0
3.29,-0.9394987143501937,0.25588936389271866,0.0,0.6679794840879943,1.5137021063397065,0.0,3.6415950378166757,-2.419855617578673,0.0,-6.9460007113233155,-20.10174781110684,0.0,-16.574617734053312,-11.50265925068573,0.0,0.0
3.3000000000000003,-0.9326380040191995,0.2709020373248011,0.0,0.7040455278933363,1.4884966628266645,0.0,3.5713688693333276,-2.62140115733335,0.0,-7.092870888888904,-20.20254977777779,0.0,-12.757244444444154,-8.616318518518296,0.0,0.0
3.31,-0.9254201674251842,0.2856525634678896,0.0,0.7394026133348875,1.4612712152901741,0.0,3.499869113926114,-2.8238062272860645,0.0,-7.200290591981747,-20.273233519954573,0.0,-8.683368685699364,-5.477779329560867,0.0,0.0
3.3200000000000003,-0.9178529894591152,0.3001212753727241,0.0,0.7740386488931159,1.4320189928333134,0.0,3.4274598301071775,-3.0267505131478187,0.0,-7.2811835476192135,-20.307541393259815,0.0,-8.23542730754463,-1.149964613442651,0.0,0.0
3.33,-0.9099424469819678,0.3142867431031086,0.0,0.8079477948152545,1.4007361179400761,0.0,3.3542279738584853,-3.2298035856546163,0.0,-7.36601125319723,-20.294963789148614,0.0,-8.729542068518555,3.7151824731484897,0.0,0.0
3.34,-0.9016964889819444,0.3281292335788257,0.0,0.8411202985880448,1.3674241642619416,0.0,3.280123195961326,-3.4324827661333632,0.0,-7.455761365635671,-20.232288231502608,0.0,-9.219749823319642,8.865183248011222,0.0,0.0
3.35,-0.8931225263453144,0.34162848317275485,0.0,0.8735471855655423,1.3320894219817685,0.0,3.2050964835830316,-3.634273276648858,0.0,-7.550390049183513,-20.116799468804302,0.0,-9.705097434087829,14.273380638100528,0.0,0.0
3.36,-0.8842280621477462,0.354764317339934,0.0,0.9052189933241155,1.294743460381503,0.0,3.1290993099053477,-3.8346345196043483,0.0,-7.649843936711118,-19.946048820266665,0.0,-10.18463176296299,19.913117570370652,0.0,0.0
3.37,-0.8750206965061922,0.3675167046551092,0.0,0.9361257769991687,1.2554033727102458,0.0,3.052083729438195,-4.033002743448901,0.0,-7.754060129710263,-19.7178541758331,0.0,-10.657399672085084,25.757736971776836,0.0,0.0
3.38,-0.8655081313726468,0.3798658131656704,0.0,0.9662571155749815,1.2140919943952722,0.0,2.9740024733334844,-4.228793708384634,0.0,-7.862966198294109,-19.430299996177496,0.0,-11.122448023593991,31.78058176927329,0.0,0.0
3.39,-0.8556981752602333,0.3917920687934221,0.0,0.9956021191277087,1.1708380945959482,0.0,2.894809044698873,-4.421405352074089,0.0,-7.976480181197233,-19.081737312704146,0.0,-11.578823679629666,37.95499488981528,0.0,0.0
3.4,-0.8455987478921028,0.403276215518598,0.0,1.0241494370214963,1.1256765411006078,0.0,2.81445781391158,-4.610220455347471,0.0,-8.094510585775591,-18.670783727547857,0.0,-12.025573502331987,44.25431926035699,0.0,0.0
3.41,-0.835217884763598,0.4142993770795683,0.0,1.0518872670577557,1.0786484385663218,0.0,2.7329041139321437,-4.794609307910017,0.0,-8.216956388006562,-18.19632341357382,0.0,-12.461744353840913,50.65189780785372,0.0,0.0
3.42,-0.8245637416081671,0.4248431199216508,0.0,1.0788033655775564,1.0298012401016283,0.0,2.650104335618235,-4.973932374049237,0.0,-8.343707032488897,-17.657507114377754,0.0,-12.886383096296324,57.12107345925962,0.0,0.0
3.43,-0.8136445987574797,0.43488951712847174,0.0,1.1048850585171759,0.9791888321921569,0.0,2.566016023038418,-5.1475429583422825,0.0,-8.474642432442776,-17.053752144285742,0.0,-13.298536591838172,63.63518914153001,0.0,0.0
3.44,-0.8024688653862295,0.44442121306929017,0.0,1.1301192534167674,0.9268715929692125,0.0,2.4805979687859607,-5.314789871363185,0.0,-8.609632969709748,-16.384742388354425,0.0,-13.697251702606337,70.16758778161902,0.0,0.0
3.45,-0.7910450836320768,0.45342148849572983,0.0,1.1544924523821862,0.8729164238212517,0.0,2.3938103092925944,-5.475020095390226,0.0,-8.74853949475279,-15.650428302370777,0.0,-14.081575290740776,76.691612306482,0.0,0.0
3.46,-0.7793819325812152,0.4618743258213339,0.0,1.1779907659999336,0.8173967543483237,0.0,2.305614620142328,-5.627581450113182,0.0,-8.891213326656253,-14.851026912852358,0.0,-14.45055421838137,83.18060564307308,0.0,0.0
3.47,-0.7674882321100147,0.4697644743173849,0.0,1.2005999282052566,0.760392520659398,0.0,2.215974011385206,-5.77182525834068,0.0,-9.037496253125905,-13.987021817047037,0.0,-14.803235347668071,89.60791071834757,0.0,0.0
3.48,-0.7553729465732265,0.47707751495840633,0.0,1.2223053121033707,0.7019901170126605,0.0,2.124853222851123,-5.907109011707458,0.0,-9.1872205304889,-13.059163182933283,0.0,-15.138665540740766,95.94687045925964,0.0,0.0
3.49,-0.7430451883292015,0.48379992465078825,0.0,1.2430919467438335,0.6422823207986949,0.0,2.0322187194635797,-6.032799036381711,0.0,-9.340208883693808,-12.068467749219863,0.0,-15.4558916597394,102.17082779276457,0.0,0.0
3.5,-0.7305142210926083,0.4899191395779532,0.0,1.2629445348480428,0.5813681908666326,0.0,1.938038786553499,-6.148273158772351,0.0,-9.496274506310574,-11.016218825346169,0.0,-15.753960566803864,108.25312564581655,0.0,0.0
3.5100000000000002,-0.717789463105101,0.4954236173955037,0.0,1.281847471489887,0.519352939193187,0.0,1.8422836251729815,-6.252923371236362,0.0,-9.655221060530572,-9.903966291481852,0.0,-16.0319191240741,114.16710694537088,0.0,0.0
3.52,-0.7048804901144246,0.5003028980097702,0.0,1.299784863729519,0.45634777589466,0.0,1.7449254474091251,-6.3461584977860515,0.0,-9.816842677166543,-8.733526598527227,0.0,-16.28881419369001,119.8861146183817,0.0,0.0
3.5300000000000002,-0.6917970381524069,0.5045476626731975,0.0,1.316740551200282,0.3924697275818272,0.0,1.6459385716977748,-6.427406859796403,0.0,-9.980923955652656,-7.506982768112842,0.0,-16.52369263779152,125.38349159180433,0.0,0.0
3.54,-0.6785490061023257,0.508149791129991,0.0,1.3326981276487582,0.32784142905779956,0.0,1.5452995181373443,-6.496118941712344,0.0,-10.147239964044457,-6.226684392599921,0.0,-16.735601318518537,130.63258079259293,0.0,0.0
3.5500000000000003,-0.6651464580461003,0.5111024165454601,0.0,1.347640963427971,0.26259088835876354,0.0,1.4429871038025675,-6.551770056756075,0.0,-10.315556239018914,-4.895247635079912,0.0,-16.923587098010994,135.60672514770275,0.0,0.0
3.56,-0.6515996253817933,0.5133999779524798,0.0,1.361552228943711,0.19685122513769526,0.0,1.3389825380583207,-6.593863012634356,0.0,-10.485628785874363,-3.5155552293749466,0.0,-17.086696838408795,140.2792675840881,0.0,0.0
3.5700000000000003,-0.6379189087018765,0.5150382699485077,0.0,1.374414919054011,0.13076038239095444,0.0,1.233269517873369,-6.621930777245828,0.0,-10.657204078530574,-2.090756480037374,0.0,-17.22397740185187,144.6235510287041,0.0,0.0
3.58,-0.6241148794227436,0.5160144893765779,0.0,1.3862118784217496,0.06446081152785377,0.0,1.1258343231341934,-6.635539144388302,0.0,-10.830019059528684,-0.6242672623502479,0.0,-17.334475650480123,148.61291840850507,0.0,0.0
3.59,-0.610198281155923,0.5163272787237088,0.0,1.3969258278204015,-0.0019008692168918095,0.0,1.016665911958743,-6.634289399466075,0.0,-11.003801140031253,0.8802299776731282,0.0,-17.41723844643348,152.22071265044596,0.0,0.0
3.6,-0.5961800308114746,0.5159767659701471,0.0,1.406539391392919,-0.06817424302775477,0.0,0.905756016010232,-6.617820985197227,0.0,-11.178268199822238,2.4187862232889934,0.0,-17.47131265185186,155.42027668148168,0.0,0.0
3.61,-0.5820712194240295,0.5149646006228829,0.0,1.4150351248637514,-0.13420548941006394,0.0,0.7930992358109434,-6.585814167320931,0.0,-11.353128587306973,3.987185887022928,0.0,-17.49574512887518,158.18495342856667,0.0,0.0
3.62,-0.5678831126919405,0.5132939856668602,0.0,1.4223955447040093,-0.19983780574876975,0.0,0.6786931360559816,-6.537992700304752,0.0,-11.528081119512224,5.580946810670344,0.0,-17.489582739643353,160.48808581865586,0.0,0.0
3.63,-0.5536271512200225,0.5109697051673177,0.0,1.4286031582497578,-0.26491185552424357,0.0,0.5625383409270945,-6.474126493051961,0.0,-11.702815082086122,7.195320265295912,0.0,-17.451872346296298,162.30301677870378,0.0,0.0
3.64,-0.5393149504563352,0.5079981472566821,0.0,1.4336404947734547,-0.3292662431851914,0.0,0.44463862940642285,-6.394034274608822,0.0,-11.877010229298232,8.825290951234138,0.0,-17.381660810973937,163.60308923566538,0.0,0.0
3.65,-0.5249583003134961,0.5043873222394515,0.0,1.4374901375085205,-0.3927380156786009,0.0,0.3250010305903239,-6.297586259871921,0.0,-12.050336784039484,10.465576998088782,0.0,-17.277994995816186,164.36164611649522,0.0,0.0
3.66,-0.5105691644649706,0.5001468755484892,0.0,1.4401347566270528,-0.4551631906368019,0.0,0.20363591900311961,-6.184706815295442,0.0,-12.222455437822237,12.110629964733455,0.0,-17.139921762962956,164.55203034814812,0.0,0.0
3.67,-0.49615967930683125,0.4952880952861666,0.0,1.4415571431706713,-0.516377311221556,0.0,0.08055710991091924,-6.055377124598506,0.0,-12.393017350780225,13.754634839311002,0.0,-16.96648797455418,164.14758485757883,0.0,0.0
3.68,-0.48174215257543157,0.48982391408377446,0.0,1.4417402439345077,-0.5762160276252657,0.0,-0.04421804536462881,-5.909637854472432,0.0,-12.561664151668605,15.391510039234142,0.0,-16.756740492729755,163.121652571742,0.0,0.0
3.69,-0.46732906161148424,0.48376890501264164,0.0,1.4406671973043284,-0.6345157052292123,0.0,-0.17066856413251763,-5.747591820288095,0.0,-12.728027937863901,17.014907411184808,0.0,-16.50972617962962,161.44757641759247,0.0,0.0
3.7,-0.4529330512609929,0.47713927128038247,0.0,1.438321370046797,-0.6911140594189047,0.0,-0.29876973701863196,-5.5694066518031695,0.0,-12.891731275364076,18.618212231114796,0.0,-16.224491897393673,159.09869932208483,0.0,0.0
3.71,-0.438566931403526,0.46995282944570765,0.0,1.4346863950528752,-0.7458508170564682,0.0,-0.42849303265192207,-5.375317458869494,0.0,-13.052387198788455,20.194543204245164,0.0,-15.900084508161852,156.04836421217402,0.0,0.0
3.72,-0.4242436740982793,0.4622289858852237,0.0,1.4297462100343599,-0.7985684046101418,0.0,-0.559806002350661,-5.165629497140324,0.0,-13.209599211377792,21.73675246506678,0.0,-15.535550874074048,152.26991401481447,0.0,0.0
3.73,-0.4099764103384197,0.45398870624565524,0.0,1.4234850971735602,-0.8491126629408057,0.0,-0.692672184808611,-4.940720833777685,0.0,-13.362961284994217,23.237425577339813,0.0,-15.129937857270214,147.73669165696128,0.0,0.0
3.74,-0.3957775847308127,0.44525376904401875,0.0,1.415889604483359,-0.8973329251724095,0.0,-0.827032961072382,-4.701035434916562,0.0,-13.51144392826766,24.68890545505147,0.0,-14.22283062993809,142.32075391961553,0.0,0.0
3.75,-0.3816622979298931,0.4360495616023525,0.0,1.4069414515087604,-0.9430853836481945,0.0,-0.9628105309050197,-4.447139038934424,0.0,-13.639125079311121,26.079062946577842,0.0,-11.256316066666528,135.5354521925923,0.0,0.0
3.7600000000000002,-0.3676433015531968,0.4264007531747664,0.0,1.3966296472378512,-0.9862305444086767,0.0,-1.0997109933703073,-4.179697568554517,0.0,-13.735474659991935,27.39622617030249,0.0,-7.9611246206787785,127.73365188532182,0.0,0.0
3.77,-0.35373428290174674,0.4163340814087577,0.0,1.384944582950289,-1.0266367729018135,0.0,-1.2374050597267978,-3.8994906162312892,0.0,-13.797344143381078,28.630582686204725,0.0,-4.364904671604764,118.98586215418341,0.0,0.0
3.7800000000000002,-0.3399490083860955,0.4058775597116917,0.0,1.3718800956314265,-1.0641807093705888,0.0,-1.3755333383827595,-3.6073923733615256,0.0,-13.82186148634584,29.77302514582786,0.0,-0.4953045990737941,109.36259215555488,0.0,0.0
3.79,-0.32630128761021104,0.3950603898904232,0.0,1.35743375517663,-1.0987481795878442,0.0,-1.5137090997340905,-3.304364579368813,0.0,-13.806431129549798,30.81515129227879,0.0,3.6200272172841537,98.93435104581569,0.0,0.0
3.8000000000000003,-0.3128049347215522,0.3839128660361081,0.0,1.3416071239472065,-1.1302350350819823,0.0,-1.6515210410023309,-2.991449470787794,0.0,-13.74873399745283,31.749263960228394,0.0,7.953442397839826,87.7716479813435,0.0,0.0
3.81,-0.2994737273038356,0.37246627035931157,0.0,1.3244059886779658,-1.1585479228534865,0.0,-1.7885360510725763,-2.6697627303486415,0.0,-13.64672749831111,32.56837107591115,0.0,12.477292562963196,75.94499211851793,0.0,0.0
3.8200000000000003,-0.28632136308896006,0.36075276168048853,0.0,1.305840564736386,-1.1836049845823096,0.0,-1.9243019753314905,-2.3404864360613056,0.0,-13.498645524177102,33.2661856571255,0.0,17.16392933302504,63.5248926137165,0.0,0.0
3.83,-0.27336141476458997,0.34880525728094447,0.0,1.2859256727334174,-1.205336485326083,0.0,-2.0583503805052183,-2.0048620102999926,0.0,-13.302998450899583,33.8371258132335,0.0,21.985704328395318,50.58185862331895,0.0,0.0
3.84,-0.2606072831538643,0.3366573088193519,0.0,1.2646808874858895,-1.2236853717091898,0.0,-2.1901993194973928,-1.664183168887425,0.0,-13.05857313812361,34.27631474516113,0.0,26.9149691694446,37.1863993037033,0.0,0.0
3.85,-0.248072149043729,0.32434297301892734,0.0,1.2421306593305503,-1.2386077596026666,0.0,-2.3193560962270787,-1.319788870179245,0.0,-12.764432929290523,34.5795807453981,0.0,31.92407547654349,23.40902381124755,0.0,0.0
3.86,-0.2357689239383709,0.3118966778303551,0.0,1.218304407789725,-1.2500733512949547,0.0,-2.4453200304667173,-0.9730562641484268,0.0,-12.419917651638007,34.743457197997884,0.0,36.985374870061904,9.32024130233151,0.0,0.0
3.87,-0.22371020001423145,0.29935308477554357,0.0,1.1932365875885842,-1.2580657821534984,0.0,-2.5675852226801323,-0.6253936414695271,0.0,-12.024643616199983,34.76518257857778,0.0,42.07121897037065,-5.009439066667454,0.0,0.0
3.88,-0.2119081995530976,0.28674694817732005,0.0,1.1669667270240511,-1.2625828967771793,0.0,-2.6856433188604445,-0.2782333826031742,0.0,-11.578503617806728,34.642700454318856,0.0,47.153959397839685,-19.5095081393695,0.0,0.0
3.89,-0.2003747241297373,0.2741129719801378,0.0,1.139539438685307,-1.2636369546396007,0.0,-2.7989862753680823,0.06697509311969707,0.0,-11.08166693508475,34.374659483965964,0.0,52.20594777283981,-34.10945675939726,0.0,0.0
3.9,-0.18912110383058012,0.26148566486690494,0.0,1.1110044025259398,-1.2612547652232118,0.0,-2.907109123768699,0.4087723784133548,0.0,-10.534579330456928,33.960413417827766,0.0,57.19953571574092,-48.73877577037089,0.0,0.0
3.91,-0.17815814677990977,0.24889919437700908,0.0,1.0814163212876913,-1.2554777526442775,0.0,-3.009512735671177,0.7456961289530364,0.0,-9.937963050142356,33.400021097776644,0.0,62.10707484691386,-63.32695601591308,0.0,0.0
3.92,-0.16749608925006962,0.2363872407306471,0.0,1.0508348482758454,-1.246361949768691,0.0,-3.1057065875655536,1.0762881142904597,0.0,-9.292816824156512,32.69424645724888,0.0,66.90091678672859,-77.8034883396439,0.0,0.0
3.93,-0.15714454663214777,0.22398285106453322,0.0,1.0193244874862162,-1.23397792181863,0.0,-3.19521152566102,1.3991012687695843,0.0,-8.600415866311073,31.844558521244394,0.0,71.55341315555583,-92.09786358518605,0.0,0.0
3.94,-0.1471124655436425,0.21171829478409573,0.0,0.9869544660837777,-1.2184106194700575,0.0,-3.2775625307238485,1.7127067424421316,0.0,-7.862311874214121,30.85313140632705,0.0,76.0369155737656,-106.1395725961597,0.0,0.0
3.95,-0.1374080773495751,0.19962492073723517,0.0,0.9537985792328916,-1.1997591614410628,0.0,-3.3523114829153897,2.0157009519833338,0.0,-7.080333029269913,29.722844320624347,0.0,80.32377566172865,-119.85810621618745,0.0,0.0
3.96,-0.12803885337355025,0.18773301691475397,0.0,0.9199350072791787,-1.1781365465710538,0.0,-3.4190299266300035,2.306712631607466,0.0,-6.256583996679136,28.457281563827728,0.0,84.38634503981497,-133.18295528888942,0.0,0.0
3.97,-0.11901146207523217,0.1760716733825312,0.0,0.8854461052829866,-1.1536692953907812,0.0,-3.4773118353330514,2.584409883983585,0.0,-5.39344592543863,27.06073252719223,0.0,88.19697532839528,-146.04361065788837,0.0,0.0
3.98,-0.11033172847073464,0.1646686491505513,0.0,0.8504181649045025,-1.1264970211832204,0.0,-3.5267763763988333,2.847507231151072,0.0,-4.493576448341683,25.538191693536902,0.0,91.72801814783963,-158.36956316680445,0.0,0.0
3.99,-0.10200459607239581,0.1535502436838614,0.0,0.8149411486404616,-1.0967719305352817,0.0,-3.567070675948573,3.0947726654353582,0.0,-3.55990968197772,23.895358637244332,0.0,94.95182511851871,-170.09030365926,0.0,0.0
4.0,-0.0940340916244336,0.14274117376056594,0.0,0.7791083964125001,-1.0646582533803801,0.0,-3.5978725836883623,3.3250347003634824,0.0,-2.595656226732622,22.138638024261173,0.0,97.8407478608026,-181.13532297887568,0.0,0.0
4.01,-0.08642329291095396,0.1322644563819329,0.0,0.743016304507106,-1.030331602531834,0.0,-3.618893437747139,3.5371894215797974,0.0,-1.6043031667884602,20.275139612097625,0.0,100.36713799506175,-191.4341119692733,0.0,0.0
4.0200000000000005,-0.07917429991280517,0.12214129843971755,0.0,0.7067639768672042,-0.9939782627071141,0.0,-3.62988082951464,3.730207537761582,0.0,-0.5896140701235222,18.31267824982759,0.0,102.50334714166682,-200.91616147407493,0.0,0.0
4.03,-0.07228820958975885,0.11239099384579032,0.0,0.6704528487353693,-0.9557944090429481,0.0,-3.630621368479369,3.9031414315346256,0.0,0.44437101148731273,16.25977387808929,0.0,104.22172692098773,-209.51096233690046,0.0,0.0
4.04,-0.06576509456449581,0.10303082882915254,0.0,0.6341862826486295,-0.9159852551012388,0.0,-3.620943447066556,4.055132210388964,0.0,1.493335542473142,14.125651529084188,0.0,105.49462895339508,-217.1480054013721,0.0,0.0
4.05,-0.05960398598489097,0.09407599610544537,0.0,0.5980691367849221,-0.8747641303658553,0.0,-3.6007200054761253,4.185416757594457,0.0,2.552686503466692,11.92024132657772,0.0,106.29440485925926,-223.7567815111113,0.0,0.0
4.0600000000000005,-0.053802860841072886,0.0855395186240338,0.0,0.56220730566115,-0.8323514872302497,0.0,-3.5698712965206503,4.29333478311644,0.0,3.6175543913044663,9.654178485898898,0.0,106.59340625895058,-229.26678150973984,0.0,0.0
4.07,-0.04835863401374724,0.07743218359776355,0.0,0.5267072331828789,-0.7889738374759399,0.0,-3.5283676504633323,4.378335874531337,0.0,4.682793219026404,7.338803313941121,0.0,106.36398477283943,-233.60749624087825,0.0,0.0
4.08,-0.04326715533026043,0.0697624875204716,0.0,0.49167539804562144,-0.7448626182417978,0.0,-3.4762322398559427,4.439986547942344,0.0,5.742980515876436,4.986161209160986,0.0,105.57849202129621,-236.70841654814834,0.0,0.0
4.09,-0.03852321190489688,0.06253659287735741,0.0,0.45721777148777476,-0.7002529874842179,0.0,-3.4135438443767985,4.47797729889504,0.0,6.792417327302083,2.6090026615790656,0.0,104.20927962469125,-238.49903327517157,0.0,0.0
4.1,-0.034120536039887184,0.055758297253294176,0.0,0.42343924739516126,-0.6553825489281119,0.0,-3.340439615668726,4.492129653293026,0.0,7.825128214954578,0.22078325277974287,0.0,102.228699203395,-238.9088372655693,0.0,0.0
4.11,-0.030051818963611643,0.0494290155441765,0.0,0.39044304475719316,-0.6104900065087457,0.0,-3.257117842177008,4.482403218313563,0.0,8.834861256688956,-2.1643363440890724,0.0,99.60910237777748,-237.86731936296283,0.0,0.0
4.12,-0.026308730682487402,0.04354777597639775,0.0,0.3583300824746658,-0.5658137483044421,0.0,-3.1638407139873874,4.448902733323215,0.0,9.815088046563677,-4.531490364315022,0.0,96.3228407682096,-235.30397041097385,0.0,0.0
4.13,-0.02288194622301437,0.038111230639540916,0.0,0.32719832651915004,-0.5215903599600835,0.0,-3.060937087663975,4.391885120793487,0.0,10.759003694841173,-6.865107951622569,0.0,92.3422659950615,-231.14828125322342,0.0,0.0
4.14,-0.019761178540473878,0.03311368123738595,0.0,0.29714210944402697,-0.4780530676015025,0.0,-2.9488052510872493,4.311766537216454,0.0,11.659526827987506,-9.148913158172263,0.0,87.63972967870355,-225.32974273333335,0.0,0.0
4.15,-0.016935218370756344,0.028547120762315414,0.0,0.2682514222471313,-0.43543011024068823,0.0,-2.8279156882920007,4.209129424020397,0.0,12.509299588672487,-11.365924944560959,0.0,82.18758343950562,-217.77784569492397,0.0,0.0
4.16,-0.0143919813018058,0.024401291798216762,0.0,0.2406111785850269,-0.39394304167186295,0.0,-2.6988138443053336,4.084729558485482,0.0,13.300687635769425,-13.498457179821187,0.0,75.95817889783902,-208.422080981618,0.0,0.0
4.17,-0.012118562341161987,0.020663762156965082,0.0,0.21430045133888043,-0.35380496185836063,0.0,-2.5621228899845665,3.9395031046593365,0.0,14.025780144355565,-15.528118641422303,0.0,68.92386767407368,-197.19193943703667,0.0,0.0
4.18,-0.010101298256086688,0.017320018553587835,0.0,0.18939168153197694,-0.31521867781039037,0.0,-2.418546486855239,3.774573664272716,0.0,14.676389805711775,-17.435813015269638,0.0,61.05700138857999,-184.01691190480082,0.0,0.0
4.19,-0.008325837962756821,0.014353579025194185,0.0,0.16594985959884667,-0.27837479395362086,0.0,-2.2688715519490525,3.5912593276551332,0.0,15.244052827322669,-19.201738895704963,0.0,52.32993166172754,-168.82648922853102,0.0,0.0
4.2,-0.006777221241008269,0.011746124798767077,0.0,0.14403167900601832,-0.24344973198862385,0.0,-2.1139710226418806,3.3910797246505497,0.0,15.7200289328764,-20.805389785505668,0.0,42.71501011388814,-151.55016225185076,0.0,0.0
4.21,-0.005439966051112521,0.009477652312903484,0.0,0.1236846622243779,-0.21060368024113718,0.0,-1.9548066214916597,3.1757630755329247,0.0,16.095301362265015,-22.225554095885933,0.0,32.18458836543148,-132.11742181838062,0.0,0.0
4.22,-0.00429816472907435,0.007526646098600598,0.0,0.1049462590531649,-0.17997847250319632,0.0,-1.792431621076397,2.947253241921901,0.0,16.36057687158419,-23.440315146495998,0.0,20.711018036727967,-110.45775877174165,0.0,0.0
4.23,-0.0033355893369284573,0.005870273224175049,0.0,0.08784291729557858,-0.15169539636509288,0.0,-1.6279936088321136,2.707716777698435,0.0,16.506285733133318,-24.427051165422306,0.0,8.266650748146798,-86.50066395555339,0.0,0.0
4.24,-0.002535806444524946,0.004484600009409034,0.0,0.07238912578601542,-0.1258529310381954,0.0,-1.4627372518908575,2.459549979920478,0.0,16.52258173541546,-25.16243528918737,0.0,-5.17616187993934,-60.17562821344137,0.0,0.0
4.25,-0.001882301619281379,0.003344831714012786,0.0,0.05858642976890671,-0.10252441466858708,0.0,-1.29800706191859,2.205385939738525,0.0,16.39934218313742,-25.62243556275009,0.0,-19.64506822716136,-31.412142389024694,0.0,0.0
4.26,-0.0013586139003904374,0.002425575905498467,0.0,0.046422418629199935,-0.08175564114156841,0.0,-1.135250159953194,1.948101593311332,0.0,16.12616789720969,-25.782314939505582,0.0,-35.16771667314873,-0.13969732592525475,0.0,0.0
4.2700000000000005,-0.0009484805339639024,0.001701130211552604,0.0,0.03586968597444362,-0.0635623863769953,0.0,-0.9760190412424187,1.6908247727214816,0.0,15.692383214746421,-25.616631281285038,0.0,-51.7717555975327,33.712216132239064,0.0,0.0
4.28,-0.0006359922455980715,0.0011457951620030271,0.0,0.02688476206850421,-0.04792786411546812,0.0,-0.8219743400818933,1.436941256891143,0.0,15.087035989065605,-25.099237358356,0.0,-69.48483337993984,70.21410714184083,0.0,0.0
4.29,-0.0004057593268428361,0.000734212825467595,0.0,0.019407018616892424,-0.034800111195347205,0.0,-0.6748875946530107,1.1901018224975486,0.0,14.298897589688824,-24.203280849422192,0.0,-88.33459840000117,109.43648485926118,0.0,0.0
4.3,-0.0002430888120608654,0.0004417319457799551,0.0,0.013357545903717405,-0.024089302320632888,0.0,-0.5366440118609386,0.9542292948887496,0.0,13.31646290234135,-22.901204341623483,0.0,-108.3486990373465,151.44985844087915,0.0,0.0
4.3100000000000005,-0.00013417302215812388,0.00024480028328310866,0.0,0.008638002280260793,-0.01566499431967472,0.0,-0.40924523217256037,0.7335255989991971,0.0,12.127950328952114,-21.164745330535943,0.0,-129.5547836716073,196.32473704307694,0.0,0.0
4.32,-6.628975167122242e-05,0.00012138486607854437,0.0,0.005129436005168575,-0.009353299894730105,0.0,-0.2948120944544971,0.5324788102654345,0.0,10.721301787654014,-18.964936220172063,0.0,-151.98050068240946,244.13162982222582,0.0,0.0
4.33,-2.8014375693496962e-05,5.142085632880988e-05,0.0,0.002691079436264454,-0.004933990862371229,0.0,-0.19558740081096948,0.35587020554167736,0.0,9.084182712783395,-16.272104322980418,0.0,-175.6534984493844,294.94104593470763,0.0,0.0
4.34,-9.444153127091681e-06,1.728973670012124e-05,0.0,0.0011591155739809622,-0.0021375308847122465,0.0,-0.1139386814218516,0.20878131401546796,0.0,7.203982054880409,-13.05587185984566,0.0,-200.60142535216158,348.82349453690153,0.0,0.0
4.3500000000000005,-2.435002739942238e-06,4.327522039382359e-06,0.0,0.0003454169564183207,-0.0006420376915210468,0.0,-0.05236095938056873,0.09660096812333219,0.0,5.067812280688628,-9.285155960088503,0.0,-226.85192977037337,405.84948478519095,0.0,0.0
4.36,-8.510285163243481e-07,1.3637013734357772e-06,0.0,3.6256906013942825e-05,-7.01747931367569e-05,0.0,-0.013479515532120012,0.02503235446640506,0.0,2.6625093731559772,-4.9281686614668345,0.0,-254.43266008364455,466.0895258359443,0.0,0.0
